year,level,province,zone,nb_people,nb_zones,nb_areas,nb_areas_tot,penta_cov,penta_cov_low,penta_cov_high,zdc_cov,zdc_cov_low,zdc_cov_high
2022,national,,,47880,503,2503,9208,61.3,60.2,62.4,13.2,12.6,13.8
2022,province,Bas Uele,,943,11,55,169,32.7,27.5,38.3,26.4,21.8,31.6
2022,province,Equateur,,1933,18,90,286,55.3,49.1,61.3,6.1,2.4,14.7
2022,province,Haut Katanga,,2363,27,134,410,60.9,57.1,64.5,18.7,15.8,22.1
2022,province,Haut Lomami,,1783,16,79,351,94.8,92.5,96.4,1.8,1.1,3.0
2022,province,Haut Uele,,1302,13,65,212,44.2,39.0,49.6,30.7,25.8,36.0
2022,province,Ituri,,2221,28,133,480,70.0,65.7,74.0,3.5,2.4,4.9
2022,province,Kasai,,1703,18,90,406,45.7,40.3,51.3,13.4,10.8,16.5
2022,province,Kasai Central,,2446,26,130,459,64.5,60.9,67.9,4.9,3.5,6.8
2022,province,Kasai Oriental,,1717,19,95,325,49.2,45.4,53.0,18.2,15.4,21.3
2022,province,Kinshasa,,3094,35,176,417,86.4,83.7,88.8,1.5,1.1,2.1
2022,province,Kongo Central,,3218,31,155,405,70.7,67.3,73.8,10.2,8.2,12.5
2022,province,Kwango,,1761,14,70,305,73.7,66.6,79.7,7.9,5.1,12.2
2022,province,Kwilu,,2147,24,120,661,81.0,76.0,85.2,4.5,3.2,6.2
2022,province,Lomami,,1448,16,81,316,68.5,63.6,72.9,7.3,5.5,9.6
2022,province,Lualaba,,1334,14,70,244,59.9,51.5,67.8,14.4,10.7,19.1
2022,province,Maindombe,,1699,14,67,311,70.8,64.4,76.5,21.0,16.2,26.7
2022,province,Maniema,,1643,18,89,284,19.5,16.2,23.2,41.5,36.9,46.3
2022,province,Mongala,,1104,12,60,295,19.9,15.4,25.2,41.5,34.4,49.0
2022,province,Nord Kivu,,2495,26,131,500,82.6,78.5,86.1,1.3,0.6,2.7
2022,province,Nord Ubangi,,896,11,55,178,67.8,55.7,77.9,7.9,4.2,14.3
2022,province,Sankuru,,1689,16,80,249,22.4,18.6,26.8,41.8,37.2,46.5
2022,province,Sud Kivu,,3285,34,168,663,65.6,61.6,69.5,8.5,7.2,10.1
2022,province,Sud Ubangi,,1295,16,80,308,36.7,30.5,43.3,9.6,6.5,13.9
2022,province,Tanganyika,,1051,11,55,268,50.6,42.3,58.8,8.5,5.6,12.7
2022,province,Tshopo,,1999,23,115,429,14.7,11.6,18.6,59.4,54.8,63.9
2022,province,Tshuapa,,1311,12,60,277,17.8,12.1,25.5,26.6,21.6,32.3
2022,zone,Bas Uele,Aketi,88,1,5,18,22.7,10.5,42.2,42.6,30.5,55.5
2022,zone,Bas Uele,Ango,94,1,5,23,51.5,20.1,81.7,7.1,1.8,24.4
2022,zone,Bas Uele,Bili,95,1,5,12,23.7,7.9,53.2,13.8,6.8,25.8
2022,zone,Bas Uele,Bondo,66,1,5,15,29.9,19.8,42.3,17.3,10.4,27.4
2022,zone,Bas Uele,Buta,90,1,5,16,20.3,9.9,37.3,26.2,10.1,53.0
2022,zone,Bas Uele,Ganga,75,1,5,21,41.6,19.0,68.4,35.2,20.0,54.0
2022,zone,Bas Uele,Likati,87,1,5,12,33.0,20.3,48.8,33.1,24.8,42.7
2022,zone,Bas Uele,Monga,88,1,5,10,20.8,11.8,33.9,24.2,14.1,38.2
2022,zone,Bas Uele,Poko,83,1,5,18,47.6,38.0,57.3,33.1,16.7,55.1
2022,zone,Bas Uele,Titule,84,1,5,11,22.5,11.6,39.0,15.6,6.4,33.3
2022,zone,Bas Uele,Viadana,93,1,5,13,41.3,30.0,53.7,35.8,20.7,54.3
2022,zone,Equateur,Basankusu,113,1,5,27,75.8,52.4,89.9,0.0,0.0,0.0
2022,zone,Equateur,Bikoro,107,1,5,21,65.5,34.0,87.5,3.5,0.2,36.3
2022,zone,Equateur,Bolenge,122,1,5,11,53.8,31.6,74.7,0.0,0.0,0.0
2022,zone,Equateur,Bolomba,108,1,5,29,33.6,14.8,59.6,20.3,1.2,83.7
2022,zone,Equateur,Bomongo,110,1,5,16,52.9,47.3,58.4,1.5,0.2,10.2
2022,zone,Equateur,Djombo,127,1,5,14,48.5,18.9,79.1,0.0,0.0,0.0
2022,zone,Equateur,Iboko,115,1,5,15,69.0,62.1,75.1,5.2,0.7,28.4
2022,zone,Equateur,Ingende,129,1,5,19,64.0,40.2,82.4,0.0,0.0,0.0
2022,zone,Equateur,Irebu,111,1,5,7,51.3,43.4,59.2,1.3,0.1,12.0
2022,zone,Equateur,Lilanga Bobangi,104,1,5,12,47.2,31.4,63.6,4.9,3.1,7.7
2022,zone,Equateur,Lotumbe,68,1,5,18,84.9,53.3,96.5,0.0,0.0,0.0
2022,zone,Equateur,Lukolela,110,1,5,14,50.2,35.1,65.3,4.1,0.4,30.7
2022,zone,Equateur,Makanza,144,1,5,17,34.3,18.8,54.2,0.0,0.0,0.0
2022,zone,Equateur,Mampoko,123,1,5,13,31.4,20.2,45.3,0.0,0.0,0.0
2022,zone,Equateur,Mbandaka,90,1,5,16,52.6,16.7,86.0,23.8,2.2,81.3
2022,zone,Equateur,Monieka,70,1,5,12,72.6,44.9,89.6,0.0,0.0,0.0
2022,zone,Equateur,Ntondo,94,1,5,14,56.6,34.1,76.6,23.2,6.7,55.8
2022,zone,Equateur,Wangata,88,1,5,11,77.7,63.6,87.5,1.6,0.2,13.2
2022,zone,Haut Katanga,Kafubu,81,1,5,13,69.0,34.2,90.5,11.1,2.3,40.1
2022,zone,Haut Katanga,Kamalondo,77,1,4,4,79.4,70.4,86.2,6.5,4.3,9.9
2022,zone,Haut Katanga,Kambove,89,1,5,11,48.0,29.4,67.2,39.4,20.2,62.4
2022,zone,Haut Katanga,Kampemba,82,1,5,22,64.2,43.3,80.8,19.9,7.1,44.7
2022,zone,Haut Katanga,Kapolowe,82,1,5,16,47.0,36.9,57.4,39.7,31.9,48.1
2022,zone,Haut Katanga,Kasenga,96,1,5,13,60.4,44.4,74.4,24.3,17.9,32.2
2022,zone,Haut Katanga,Kashobwe,83,1,5,12,77.3,50.0,92.0,3.1,0.7,12.8
2022,zone,Haut Katanga,Katuba,95,1,5,15,73.8,56.5,86.0,6.1,1.2,25.5
2022,zone,Haut Katanga,Kenya,87,1,5,19,49.7,35.9,63.6,3.6,1.1,10.9
2022,zone,Haut Katanga,Kikula,89,1,5,12,64.8,45.6,80.1,25.7,19.1,33.6
2022,zone,Haut Katanga,Kilela Balanda,86,1,5,11,35.3,20.5,53.5,40.5,24.2,59.1
2022,zone,Haut Katanga,Kilwa,96,1,5,24,43.1,25.4,62.7,10.6,2.8,32.8
2022,zone,Haut Katanga,Kipushi,76,1,5,16,51.8,28.5,74.4,38.5,17.3,65.3
2022,zone,Haut Katanga,Kisanga,88,1,5,15,64.8,51.5,76.2,1.1,0.1,12.4
2022,zone,Haut Katanga,Kowe,99,1,5,6,68.9,55.6,79.6,5.8,1.2,23.5
2022,zone,Haut Katanga,Likasi,110,1,5,10,61.6,52.9,69.7,20.2,17.9,22.8
2022,zone,Haut Katanga,Lubumbashi,79,1,5,20,74.9,60.7,85.1,8.0,3.8,16.0
2022,zone,Haut Katanga,Lukafu,83,1,5,12,27.6,12.9,49.4,36.9,20.8,56.5
2022,zone,Haut Katanga,Mitwaba,94,1,5,20,43.8,30.4,58.1,32.6,19.9,48.5
2022,zone,Haut Katanga,Mufunga Sampwe,104,1,5,23,44.9,30.5,60.2,25.1,9.7,51.1
2022,zone,Haut Katanga,Mumbunda,71,1,5,21,71.9,41.9,90.1,13.3,4.9,31.4
2022,zone,Haut Katanga,Panda,66,1,5,9,76.5,49.6,91.5,18.0,7.8,36.3
2022,zone,Haut Katanga,Pweto,93,1,5,17,57.8,41.5,72.6,16.6,10.7,24.9
2022,zone,Haut Katanga,Ruashi,74,1,5,26,61.9,43.4,77.5,29.7,15.4,49.4
2022,zone,Haut Katanga,Sakania,103,1,5,17,70.8,50.8,85.0,22.0,11.3,38.4
2022,zone,Haut Katanga,Tshamilemba,92,1,5,15,75.9,60.2,86.7,3.7,1.8,7.5
2022,zone,Haut Katanga,Vangu,88,1,5,11,75.4,52.8,89.4,17.5,7.4,36.0
2022,zone,Haut Lomami,Baka,76,1,4,4,99.0,83.9,99.9,0.0,0.0,0.0
2022,zone,Haut Lomami,Bukama,108,1,5,23,97.5,92.8,99.1,1.2,0.1,10.5
2022,zone,Haut Lomami,Butumba,112,1,5,16,80.2,47.1,94.9,9.5,5.1,17.1
2022,zone,Haut Lomami,Kabondo Dianda,107,1,5,20,96.6,85.4,99.3,1.1,0.1,9.4
2022,zone,Haut Lomami,Kabongo,112,1,5,32,93.9,86.7,97.3,2.3,0.3,14.6
2022,zone,Haut Lomami,Kamina,120,1,5,25,96.9,90.4,99.0,0.9,0.1,9.6
2022,zone,Haut Lomami,Kaniama,118,1,5,30,95.4,83.6,98.8,2.1,0.2,17.4
2022,zone,Haut Lomami,Kayamba,92,1,5,15,98.6,84.0,99.9,0.0,0.0,0.0
2022,zone,Haut Lomami,Kinda,111,1,5,14,93.0,81.8,97.5,2.5,0.7,8.6
2022,zone,Haut Lomami,Kinkondja,125,1,5,29,98.5,92.1,99.7,0.8,0.1,9.4
2022,zone,Haut Lomami,Kitenge,108,1,5,29,81.4,77.1,85.1,7.8,3.4,16.9
2022,zone,Haut Lomami,Lwamba,146,1,5,20,93.3,78.4,98.2,0.6,0.1,7.6
2022,zone,Haut Lomami,Malemba Nkulu,101,1,5,23,97.6,92.1,99.3,0.0,0.0,0.0
2022,zone,Haut Lomami,Mukanga,92,1,5,19,97.4,90.6,99.3,0.0,0.0,0.0
2022,zone,Haut Lomami,Mulongo,133,1,5,23,99.2,90.8,99.9,0.0,0.0,0.0
2022,zone,Haut Lomami,Songa,122,1,5,29,96.5,83.9,99.3,0.0,0.0,0.0
2022,zone,Haut Uele,Aba,100,1,5,16,38.7,27.1,51.6,24.0,14.3,37.4
2022,zone,Haut Uele,Boma Mangbetu,102,1,5,14,50.6,33.5,67.6,25.1,15.2,38.6
2022,zone,Haut Uele,Doruma,110,1,5,11,38.6,7.6,82.8,37.5,16.2,65.1
2022,zone,Haut Uele,Dungu,93,1,5,20,54.6,46.7,62.4,15.2,9.3,23.8
2022,zone,Haut Uele,Faradje,101,1,5,18,33.7,19.7,51.4,25.6,18.2,34.9
2022,zone,Haut Uele,Gombari,94,1,5,15,41.2,22.1,63.2,39.3,22.6,59.0
2022,zone,Haut Uele,Isiro,107,1,5,20,46.6,29.6,64.5,23.3,10.0,45.5
2022,zone,Haut Uele,Makoro,79,1,5,15,30.0,20.6,41.4,51.5,38.2,64.7
2022,zone,Haut Uele,Niangara,114,1,5,16,27.6,10.5,55.3,45.2,33.7,57.3
2022,zone,Haut Uele,Pawa,86,1,5,18,54.5,38.7,69.4,20.2,13.1,29.9
2022,zone,Haut Uele,Rungu,108,1,5,14,31.5,15.7,53.2,47.1,31.9,62.8
2022,zone,Haut Uele,Wamba,113,1,5,17,48.9,27.2,71.0,25.0,15.6,37.5
2022,zone,Haut Uele,Watsa,95,1,5,18,51.2,27.3,74.5,38.6,18.9,62.9
2022,zone,Ituri,Adi,108,1,5,19,86.9,78.1,92.5,1.0,0.1,9.8
2022,zone,Ituri,Adja,95,1,5,18,47.6,20.4,76.3,1.8,0.3,9.7
2022,zone,Ituri,Angumu,74,1,5,22,55.3,27.1,80.4,4.6,1.7,11.9
2022,zone,Ituri,Ariwara,86,1,5,22,88.9,74.2,95.7,4.3,1.2,14.2
2022,zone,Ituri,Aru,101,1,5,25,63.8,14.8,94.7,1.7,0.1,22.2
2022,zone,Ituri,Biringi,62,1,5,19,45.9,19.4,74.9,7.1,3.2,15.0
2022,zone,Ituri,Boga,90,1,5,10,82.0,61.1,92.9,4.5,0.9,20.4
2022,zone,Ituri,Bunia,91,1,5,23,77.8,58.4,89.7,2.4,0.5,10.1
2022,zone,Ituri,Fataki,55,1,3,14,64.0,36.6,84.6,5.4,1.4,18.7
2022,zone,Ituri,Gety,79,1,5,18,78.0,52.9,91.8,0.0,0.0,0.0
2022,zone,Ituri,Komanda,79,1,5,17,65.4,42.2,83.1,3.7,1.3,10.3
2022,zone,Ituri,Laybo,70,1,5,17,80.1,62.3,90.7,1.7,0.1,23.0
2022,zone,Ituri,Linga,33,1,2,16,79.6,10.8,100.0,0.0,,
2022,zone,Ituri,Lita,76,1,5,14,68.7,46.3,84.9,0.0,0.0,0.0
2022,zone,Ituri,Logo,84,1,5,26,73.0,66.4,78.7,0.0,0.0,0.0
2022,zone,Ituri,Mahagi,71,1,5,17,78.7,60.6,89.8,3.2,0.4,21.0
2022,zone,Ituri,Mambasa,75,1,5,17,44.3,21.3,70.1,18.6,6.5,43.0
2022,zone,Ituri,Mandima,82,1,5,18,55.6,39.9,70.3,18.1,6.5,41.2
2022,zone,Ituri,Mangala,86,1,5,11,34.3,18.6,54.4,6.2,1.9,18.1
2022,zone,Ituri,Mongbwalu,87,1,5,12,54.0,35.0,71.9,7.3,2.5,19.9
2022,zone,Ituri,Nia Nia,116,1,5,9,28.0,11.2,54.7,3.8,0.9,14.8
2022,zone,Ituri,Nizi,84,1,5,11,84.0,52.7,96.1,0.0,0.0,0.0
2022,zone,Ituri,Nyankunde,73,1,5,11,80.8,49.2,94.8,0.0,0.0,0.0
2022,zone,Ituri,Nyarambe,77,1,5,23,66.2,46.3,81.7,9.3,2.3,31.2
2022,zone,Ituri,Rethy,50,1,3,22,79.3,41.6,95.4,0.0,0.0,0.0
2022,zone,Ituri,Rimba,81,1,5,22,68.5,56.5,78.5,1.4,0.1,11.9
2022,zone,Ituri,Rwampara,75,1,5,14,82.7,49.2,95.9,0.0,0.0,0.0
2022,zone,Ituri,Tchomia,81,1,5,13,77.4,71.0,82.8,2.9,0.6,12.4
2022,zone,Kasai,Banga Lubaka,76,1,5,18,69.9,60.1,78.2,5.7,1.6,17.9
2022,zone,Kasai,Bulape,98,1,5,19,35.3,14.1,64.4,11.8,4.4,27.8
2022,zone,Kasai,Dekese,103,1,5,23,24.2,15.1,36.4,33.3,24.6,43.3
2022,zone,Kasai,Ilebo,69,1,5,19,69.2,52.8,81.8,0.0,0.0,0.0
2022,zone,Kasai,Kakenge,80,1,5,24,69.7,44.1,87.0,1.1,0.1,12.2
2022,zone,Kasai,Kalonda Ouest,83,1,5,28,36.1,12.4,69.2,13.1,3.7,37.7
2022,zone,Kasai,Kamonia,105,1,5,25,44.5,34.3,55.2,19.9,9.1,37.9
2022,zone,Kasai,Kamwesha,106,1,5,28,46.7,19.4,76.1,15.5,7.7,28.8
2022,zone,Kasai,Kanzala,93,1,5,17,40.9,31.1,51.5,6.9,4.3,11.0
2022,zone,Kasai,Kitangwa,106,1,5,28,26.6,15.1,42.5,28.6,20.6,38.1
2022,zone,Kasai,Luebo,91,1,5,26,41.2,35.1,47.6,6.8,3.3,13.5
2022,zone,Kasai,Mikope,96,1,5,23,76.4,53.6,90.1,3.8,1.7,8.4
2022,zone,Kasai,Mushenge,119,1,5,24,52.2,29.0,74.4,7.2,1.6,27.0
2022,zone,Kasai,Mutena,86,1,5,20,27.2,7.9,61.9,32.1,12.6,60.9
2022,zone,Kasai,Mweka,98,1,5,28,69.3,42.7,87.3,7.2,2.3,20.2
2022,zone,Kasai,Ndjoko Mpunda,113,1,5,20,34.9,11.7,68.6,6.3,2.6,14.9
2022,zone,Kasai,Nyanga,97,1,5,12,70.3,59.2,79.4,9.5,5.8,15.1
2022,zone,Kasai,Tshikapa,84,1,5,24,39.3,16.1,68.6,9.5,3.0,26.5
2022,zone,Kasai Central,Bena Leka,102,1,5,25,51.9,32.3,70.9,15.0,7.2,28.5
2022,zone,Kasai Central,Bena Tshadi,82,1,5,11,64.5,51.0,76.1,4.4,1.7,11.1
2022,zone,Kasai Central,Bilomba,104,1,5,15,46.3,20.9,73.8,7.4,1.8,26.3
2022,zone,Kasai Central,Bobozo,87,1,5,9,66.9,54.9,77.1,1.8,0.2,12.5
2022,zone,Kasai Central,Bunkonde,87,1,5,14,55.1,39.5,69.8,8.1,4.2,15.0
2022,zone,Kasai Central,Demba,94,1,5,26,58.3,31.3,81.1,7.4,1.5,29.4
2022,zone,Kasai Central,Dibaya,85,1,5,17,76.5,68.6,82.9,0.0,0.0,0.0
2022,zone,Kasai Central,Kalomba,90,1,5,17,53.7,37.4,69.3,0.7,0.0,10.2
2022,zone,Kasai Central,Kananga,106,1,5,24,72.7,61.0,82.0,7.3,0.9,41.3
2022,zone,Kasai Central,Katende,88,1,5,13,81.0,39.2,96.6,1.1,0.1,11.4
2022,zone,Kasai Central,Katoka,119,1,5,10,58.5,42.8,72.5,8.5,3.6,19.0
2022,zone,Kasai Central,Luambo,90,1,5,21,64.0,38.7,83.3,4.4,0.4,37.1
2022,zone,Kasai Central,Lubondaie,107,1,5,20,68.2,46.8,83.9,3.3,0.9,11.1
2022,zone,Kasai Central,Lubunga,88,1,5,12,66.0,42.9,83.4,3.5,1.3,8.9
2022,zone,Kasai Central,Luiza,92,1,5,20,65.7,52.3,76.9,4.3,2.0,9.1
2022,zone,Kasai Central,Lukonga,94,1,5,19,78.5,58.4,90.4,0.9,0.1,11.6
2022,zone,Kasai Central,Masuika,94,1,5,23,78.4,64.9,87.7,1.5,0.2,13.0
2022,zone,Kasai Central,Mikalayi,96,1,5,26,66.5,48.4,80.8,1.0,0.1,11.6
2022,zone,Kasai Central,Muetshi,102,1,5,12,62.8,49.1,74.7,8.8,1.1,44.7
2022,zone,Kasai Central,Mutoto,97,1,5,15,52.1,29.8,73.6,2.4,0.2,21.8
2022,zone,Kasai Central,Ndekesha,78,1,5,18,70.7,48.0,86.3,0.9,0.1,11.4
2022,zone,Kasai Central,Ndesha,95,1,5,9,70.8,64.6,76.4,3.8,1.4,10.0
2022,zone,Kasai Central,Tshibala,82,1,5,24,57.8,31.5,80.4,4.1,0.8,18.7
2022,zone,Kasai Central,Tshikaji,99,1,5,14,74.4,47.1,90.5,1.3,0.1,16.3
2022,zone,Kasai Central,Tshikula,99,1,5,16,51.4,31.8,70.6,7.0,2.1,20.6
2022,zone,Kasai Central,Yangala,89,1,5,29,61.1,50.2,71.1,3.2,0.6,15.6
2022,zone,Kasai Oriental,Bibanga,95,1,5,17,36.8,15.0,65.9,40.1,17.4,68.0
2022,zone,Kasai Oriental,Bipemba,93,1,5,20,50.2,33.3,67.0,16.0,7.1,32.2
2022,zone,Kasai Oriental,Bonzola,97,1,5,16,63.8,50.2,75.6,17.8,7.0,38.2
2022,zone,Kasai Oriental,Cilundu,81,1,5,16,69.2,50.7,83.0,6.3,3.9,10.2
2022,zone,Kasai Oriental,Citenge,85,1,5,18,62.8,48.2,75.3,11.1,8.9,13.6
2022,zone,Kasai Oriental,Dibindi,91,1,5,13,50.1,35.2,65.0,10.6,3.9,26.0
2022,zone,Kasai Oriental,Diulu,98,1,5,19,49.8,29.4,70.3,12.7,4.8,29.5
2022,zone,Kasai Oriental,Kabeya Kamwanga,94,1,5,15,57.8,32.7,79.5,7.5,1.9,25.3
2022,zone,Kasai Oriental,Kansele,91,1,5,16,53.7,33.1,73.2,11.2,2.9,34.8
2022,zone,Kasai Oriental,Kasansa,97,1,5,18,51.0,25.6,76.0,30.4,10.9,61.1
2022,zone,Kasai Oriental,Lubilanji,82,1,5,15,38.3,19.7,61.0,23.0,8.5,49.2
2022,zone,Kasai Oriental,Lukelenge,96,1,5,20,49.2,34.9,63.7,17.8,9.0,32.3
2022,zone,Kasai Oriental,Miabi,85,1,5,14,68.9,54.0,80.7,8.0,5.2,12.1
2022,zone,Kasai Oriental,Mpokolo,99,1,5,15,39.3,24.3,56.7,17.2,7.2,35.5
2022,zone,Kasai Oriental,Mukumbi,83,1,5,16,47.0,24.9,70.4,21.0,8.3,43.7
2022,zone,Kasai Oriental,Muya,77,1,5,19,28.4,17.4,42.7,32.2,23.5,42.4
2022,zone,Kasai Oriental,Nzaba,96,1,5,18,42.8,34.2,51.9,19.0,11.2,30.2
2022,zone,Kasai Oriental,Tshilenge,83,1,5,21,38.8,23.9,56.1,29.0,19.5,40.9
2022,zone,Kasai Oriental,Tshishimbi,94,1,5,19,55.4,30.9,77.5,19.6,7.5,42.6
2022,zone,Kinshasa,Bandalungwa,81,1,5,8,89.2,68.1,97.0,1.7,0.2,15.0
2022,zone,Kinshasa,Barumbu,77,1,5,10,90.9,82.3,95.5,0.5,0.0,7.9
2022,zone,Kinshasa,Binza Meteo,91,1,5,11,94.4,70.4,99.2,1.7,0.2,12.6
2022,zone,Kinshasa,Binza Ozone,76,1,5,15,77.0,59.8,88.3,0.0,0.0,0.0
2022,zone,Kinshasa,Biyela,91,1,6,11,94.1,79.3,98.5,0.9,0.1,8.8
2022,zone,Kinshasa,Bumbu,99,1,5,19,95.4,83.2,98.9,1.2,0.1,11.2
2022,zone,Kinshasa,Gombe,111,1,5,10,91.8,71.3,98.1,1.9,0.2,19.2
2022,zone,Kinshasa,Kalamu 1,91,1,5,10,97.6,88.3,99.6,0.0,0.0,0.0
2022,zone,Kinshasa,Kalamu 2,84,1,5,8,96.6,83.7,99.4,0.0,0.0,0.0
2022,zone,Kinshasa,Kasa Vubu,114,1,5,7,93.8,85.9,97.4,0.0,0.0,0.0
2022,zone,Kinshasa,Kikimi,83,1,5,9,89.8,76.8,95.9,2.8,0.2,28.7
2022,zone,Kinshasa,Kimbanseke,93,1,5,11,91.7,75.1,97.6,0.0,0.0,0.0
2022,zone,Kinshasa,Kingabwa,88,1,5,10,64.9,54.5,74.0,1.0,0.1,12.7
2022,zone,Kinshasa,Kingasani,72,1,5,8,92.9,82.2,97.4,0.0,0.0,0.0
2022,zone,Kinshasa,Kinshasa,86,1,5,7,81.1,74.6,86.2,0.0,0.0,0.0
2022,zone,Kinshasa,Kintambo,93,1,5,8,67.1,41.9,85.2,0.8,0.1,10.2
2022,zone,Kinshasa,Kisenso,93,1,5,17,59.3,32.8,81.4,0.6,0.0,8.3
2022,zone,Kinshasa,Kokolo,86,1,5,24,73.1,66.8,78.6,3.8,2.1,6.9
2022,zone,Kinshasa,Lemba,87,1,5,14,87.4,69.8,95.4,3.2,0.9,11.0
2022,zone,Kinshasa,Limete,95,1,5,11,79.7,72.9,85.2,5.1,1.6,15.0
2022,zone,Kinshasa,Lingwala,85,1,5,8,77.5,64.9,86.5,4.6,2.5,8.3
2022,zone,Kinshasa,Makala,88,1,5,14,93.9,74.7,98.8,1.9,0.3,10.7
2022,zone,Kinshasa,Maluku 1,93,1,5,17,92.5,82.4,97.0,0.6,0.0,9.5
2022,zone,Kinshasa,Maluku 2,97,1,5,12,89.0,80.5,94.1,2.9,0.7,11.7
2022,zone,Kinshasa,Masina 1,60,1,5,12,98.2,73.8,99.9,0.0,0.0,0.0
2022,zone,Kinshasa,Masina 2,89,1,5,11,98.0,89.9,99.6,0.0,0.0,0.0
2022,zone,Kinshasa,Matete,83,1,5,13,82.0,65.2,91.7,0.0,0.0,0.0
2022,zone,Kinshasa,Mont Ngafula 1,95,1,5,17,65.4,56.5,73.3,0.0,0.0,0.0
2022,zone,Kinshasa,Mont Ngafula 2,91,1,5,14,81.1,64.4,91.1,1.1,0.1,12.7
2022,zone,Kinshasa,Ndjili,63,1,5,14,88.9,60.4,97.7,1.1,0.1,13.2
2022,zone,Kinshasa,Ngaba,96,1,5,6,94.1,82.6,98.1,3.1,0.5,16.3
2022,zone,Kinshasa,Ngiri Ngiri,92,1,5,8,80.5,71.7,87.1,3.3,0.7,15.2
2022,zone,Kinshasa,Nsele,86,1,5,14,88.2,79.0,93.7,5.1,1.9,13.3
2022,zone,Kinshasa,Police,91,1,5,11,86.2,79.1,91.2,1.8,0.3,10.5
2022,zone,Kinshasa,Selembao,94,1,5,18,98.3,87.2,99.8,1.7,0.2,12.8
2022,zone,Kongo Central,Boko Kivulu,113,1,5,20,67.6,38.7,87.3,15.1,5.2,36.7
2022,zone,Kongo Central,Boma,103,1,5,12,79.4,69.9,86.5,4.7,1.9,10.9
2022,zone,Kongo Central,Boma Bungu,101,1,5,12,68.5,50.1,82.5,8.2,3.6,17.7
2022,zone,Kongo Central,Gombe Matadi,98,1,5,15,73.3,56.3,85.4,0.0,0.0,0.0
2022,zone,Kongo Central,Inga,105,1,5,10,64.0,45.5,79.2,20.3,8.6,40.8
2022,zone,Kongo Central,Kangu,91,1,5,12,47.6,31.8,63.9,16.5,8.5,29.7
2022,zone,Kongo Central,Kibunzi,97,1,5,10,69.7,48.6,84.9,12.0,5.2,25.5
2022,zone,Kongo Central,Kimpangu,97,1,5,13,57.9,39.2,74.6,22.2,10.5,41.0
2022,zone,Kongo Central,Kimpese,103,1,5,20,91.0,65.0,98.2,7.6,1.2,35.3
2022,zone,Kongo Central,Kimvula,98,1,5,12,56.2,32.9,77.1,6.1,1.1,27.1
2022,zone,Kongo Central,Kinkonzi,103,1,5,11,70.4,39.5,89.7,7.4,1.1,37.3
2022,zone,Kongo Central,Kisantu,109,1,5,18,65.4,37.7,85.5,7.0,2.3,19.1
2022,zone,Kongo Central,Kitona,94,1,5,6,84.3,61.1,94.8,6.2,2.6,14.4
2022,zone,Kongo Central,Kizu,99,1,5,8,66.0,46.2,81.5,4.9,1.0,20.0
2022,zone,Kongo Central,Kuimba,108,1,5,11,67.1,51.5,79.7,6.7,3.3,13.2
2022,zone,Kongo Central,Kwilu Ngongo,121,1,5,21,81.6,68.2,90.2,14.4,6.9,27.6
2022,zone,Kongo Central,Lukula,111,1,5,16,56.9,38.6,73.5,29.0,15.3,47.9
2022,zone,Kongo Central,Luozi,110,1,5,12,61.6,42.2,78.0,14.8,4.0,41.9
2022,zone,Kongo Central,Mangembo,106,1,5,10,93.5,82.2,97.8,5.7,2.3,13.2
2022,zone,Kongo Central,Massa,105,1,5,14,69.5,43.2,87.3,4.1,1.1,13.5
2022,zone,Kongo Central,Matadi,104,1,5,12,72.8,49.3,88.1,5.2,0.9,24.4
2022,zone,Kongo Central,Mbanza Ngungu,102,1,5,12,79.5,70.4,86.3,6.8,2.0,20.5
2022,zone,Kongo Central,Muanda,92,1,5,12,81.4,68.2,89.9,6.7,2.4,17.2
2022,zone,Kongo Central,Ngidinga,114,1,5,16,69.8,46.7,85.9,7.7,2.9,18.6
2022,zone,Kongo Central,Nselo,105,1,5,11,68.5,48.8,83.3,2.9,0.6,13.3
2022,zone,Kongo Central,Nsona Mpangu,90,1,5,21,56.0,32.7,77.0,21.9,9.3,43.3
2022,zone,Kongo Central,Nzanza,101,1,5,10,72.6,49.9,87.5,2.7,0.2,27.4
2022,zone,Kongo Central,Seke Banza,108,1,5,17,68.4,60.4,75.5,14.8,7.2,28.2
2022,zone,Kongo Central,Sona Bata,108,1,5,11,64.5,31.2,87.9,4.5,1.1,17.0
2022,zone,Kongo Central,Tshela,113,1,5,10,71.2,58.4,81.3,1.9,0.1,23.9
2022,zone,Kongo Central,Vaku,109,1,5,10,64.5,39.0,83.7,17.6,6.3,40.3
2022,zone,Kwango,Boko,104,1,5,21,54.4,32.6,74.6,18.9,3.8,58.0
2022,zone,Kwango,Feshi,108,1,5,18,77.7,36.0,95.6,9.4,1.8,37.4
2022,zone,Kwango,Kahemba,118,1,5,28,72.0,37.7,91.6,7.9,2.3,23.9
2022,zone,Kwango,Kajiji,108,1,5,20,46.5,19.3,75.9,19.2,6.7,44.2
2022,zone,Kwango,Kasongo Lunda,121,1,5,21,64.7,35.3,86.0,8.9,2.4,28.2
2022,zone,Kwango,Kenge,136,1,5,29,77.4,67.7,84.9,0.0,0.0,0.0
2022,zone,Kwango,Kimbao,155,1,5,24,97.6,89.4,99.5,0.0,0.0,0.0
2022,zone,Kwango,Kisanji,110,1,5,16,64.3,45.3,79.6,6.6,1.5,24.8
2022,zone,Kwango,Kitenda,114,1,5,23,54.5,16.8,87.7,15.9,5.7,37.2
2022,zone,Kwango,Mwela Lembwa,139,1,5,16,98.8,93.1,99.8,0.0,0.0,0.0
2022,zone,Kwango,Panzi,173,1,5,25,99.4,93.2,99.9,0.0,0.0,0.0
2022,zone,Kwango,Popokabaka,114,1,5,30,41.7,11.1,80.3,25.9,5.8,66.5
2022,zone,Kwango,Tembo,134,1,5,15,100.0,100.0,100.0,0.0,0.0,0.0
2022,zone,Kwango,Wamba Lwadi,127,1,5,19,78.6,50.3,93.0,6.0,1.1,26.6
2022,zone,Kwilu,Bagata,88,1,5,23,16.9,6.3,38.1,13.2,5.2,29.6
2022,zone,Kwilu,Bandundu,88,1,5,22,47.1,33.2,61.5,11.4,4.9,24.2
2022,zone,Kwilu,Bulungu,87,1,5,30,86.3,69.6,94.6,3.0,0.4,17.9
2022,zone,Kwilu,Djuma,106,1,5,35,99.3,90.6,100.0,0.0,0.0,0.0
2022,zone,Kwilu,Gungu,74,1,5,31,84.2,37.6,97.9,5.5,0.7,33.8
2022,zone,Kwilu,Idiofa,51,1,5,41,85.1,62.2,95.2,0.0,0.0,0.0
2022,zone,Kwilu,Ipamu,65,1,5,32,100.0,100.0,100.0,0.0,0.0,0.0
2022,zone,Kwilu,Kikongo,74,1,5,24,52.5,14.5,87.8,11.6,1.6,51.9
2022,zone,Kwilu,Kikwit Nord,82,1,5,26,76.9,49.3,91.9,2.6,0.6,9.9
2022,zone,Kwilu,Kikwit Sud,92,1,5,24,62.0,40.4,79.7,4.7,0.5,31.7
2022,zone,Kwilu,Kimputu,87,1,5,28,96.9,66.3,99.8,0.0,0.0,0.0
2022,zone,Kwilu,Kingandu,97,1,5,20,97.8,92.4,99.4,1.1,0.1,11.5
2022,zone,Kwilu,Koshibanda,101,1,5,29,94.9,83.7,98.5,0.0,0.0,0.0
2022,zone,Kwilu,Lusanga,87,1,5,34,54.8,32.6,75.2,15.9,5.7,36.9
2022,zone,Kwilu,Masi Manimba,94,1,5,24,74.9,65.5,82.5,7.1,2.9,16.6
2022,zone,Kwilu,Moanza,72,1,5,23,90.5,81.8,95.3,4.6,0.7,23.8
2022,zone,Kwilu,Mokala,83,1,5,33,91.7,76.2,97.5,0.0,0.0,0.0
2022,zone,Kwilu,Mosango,116,1,5,18,97.8,84.8,99.7,0.0,0.0,0.0
2022,zone,Kwilu,Mukedi,119,1,5,27,92.1,68.3,98.5,2.5,0.2,28.8
2022,zone,Kwilu,Mungindu,77,1,5,24,70.9,35.4,91.5,9.2,1.9,34.8
2022,zone,Kwilu,Pay Kongila,102,1,5,23,99.1,90.7,99.9,0.9,0.1,9.3
2022,zone,Kwilu,Sia,87,1,5,22,36.2,12.0,70.2,22.3,5.9,56.5
2022,zone,Kwilu,Vanga,136,1,5,41,98.0,92.9,99.5,1.4,0.3,7.1
2022,zone,Kwilu,Yasa Bonga,82,1,5,27,82.2,72.4,89.1,5.9,2.5,13.5
2022,zone,Lomami,Kabinda,91,1,6,26,73.7,53.3,87.4,3.2,1.4,7.4
2022,zone,Lomami,Kalambayi Kabanga,93,1,5,16,58.1,45.2,70.0,11.5,4.1,28.5
2022,zone,Lomami,Kalenda,89,1,5,28,73.8,49.1,89.1,4.9,1.4,15.4
2022,zone,Lomami,Kalonda Est,82,1,5,22,56.6,24.7,83.8,15.4,7.2,29.8
2022,zone,Lomami,Kamana,109,1,5,23,66.8,49.3,80.6,2.6,0.7,9.0
2022,zone,Lomami,Kamiji,92,1,5,12,73.3,64.0,80.9,5.7,2.2,14.3
2022,zone,Lomami,Kanda Kanda,83,1,5,18,46.1,27.3,66.0,10.0,1.1,54.0
2022,zone,Lomami,Lubao,107,1,5,15,73.6,68.7,78.0,5.5,1.8,15.6
2022,zone,Lomami,Ludimbi Lukula,90,1,5,15,70.6,58.5,80.3,6.9,2.1,20.2
2022,zone,Lomami,Luputa,79,1,5,30,67.1,55.3,77.1,10.6,4.6,22.6
2022,zone,Lomami,Makota,90,1,5,17,61.7,39.4,80.0,10.0,5.2,18.3
2022,zone,Lomami,Mulumba,79,1,5,19,65.9,46.3,81.3,8.8,3.4,21.0
2022,zone,Lomami,Mweneditu,84,1,5,23,60.6,44.9,74.4,11.4,4.5,26.2
2022,zone,Lomami,NGandajika,97,1,5,19,98.2,89.3,99.7,0.0,0.0,0.0
2022,zone,Lomami,Tshofa,107,1,5,17,62.8,32.9,85.4,7.5,1.5,29.8
2022,zone,Lomami,Wikong,76,1,5,16,91.9,59.7,98.8,0.0,0.0,0.0
2022,zone,Lualaba,Bunkeya,86,1,5,8,78.6,53.2,92.2,0.0,0.0,0.0
2022,zone,Lualaba,Dilala,76,1,5,13,77.6,49.9,92.3,9.0,0.9,51.9
2022,zone,Lualaba,Dilolo,125,1,5,23,57.8,34.5,78.0,6.6,1.3,27.8
2022,zone,Lualaba,Fungurume,90,1,5,18,35.7,22.9,50.9,29.8,24.7,35.5
2022,zone,Lualaba,Kafakumba,95,1,5,16,33.2,25.3,42.1,24.9,17.1,34.7
2022,zone,Lualaba,Kalamba,89,1,5,18,70.1,47.6,85.8,14.8,7.0,28.8
2022,zone,Lualaba,Kanzenze,79,1,5,17,70.7,33.9,91.9,7.0,1.6,25.8
2022,zone,Lualaba,Kapanga,96,1,5,24,60.8,45.6,74.2,24.2,13.6,39.2
2022,zone,Lualaba,Kasaji,105,1,5,26,68.7,29.6,92.0,6.8,1.7,23.7
2022,zone,Lualaba,Lualaba,103,1,5,14,55.7,36.1,73.7,14.8,5.2,35.7
2022,zone,Lualaba,Lubudi,101,1,5,16,93.8,87.0,97.1,0.0,0.0,0.0
2022,zone,Lualaba,Manika,94,1,5,13,73.0,42.2,91.0,5.8,4.1,8.0
2022,zone,Lualaba,Mutshatsha,87,1,5,13,61.1,15.4,93.1,9.3,1.1,48.2
2022,zone,Lualaba,Sandoa,108,1,5,25,51.2,38.2,64.0,19.4,11.6,30.7
2022,zone,Maindombe,Banzow Moke,118,1,5,18,59.8,56.2,63.2,20.1,13.5,28.9
2022,zone,Maindombe,Bokoro,158,1,5,26,87.1,80.3,91.7,11.2,6.3,19.0
2022,zone,Maindombe,Bolobo,133,1,5,25,92.5,75.3,98.1,7.5,1.9,24.7
2022,zone,Maindombe,Bosobe,127,1,5,20,69.9,46.0,86.3,18.9,11.4,29.7
2022,zone,Maindombe,Inongo,114,1,5,34,59.9,31.8,82.8,30.6,9.8,64.3
2022,zone,Maindombe,Kiri,102,1,5,26,54.0,37.4,69.7,36.9,21.2,55.9
2022,zone,Maindombe,Kwamouth,98,1,2,23,80.2,0.0,100.0,13.4,0.0,99.9
2022,zone,Maindombe,Mimia,122,1,5,14,52.2,35.0,68.8,36.9,22.3,54.4
2022,zone,Maindombe,Mushie,138,1,5,21,94.2,74.0,98.9,5.8,1.1,26.0
2022,zone,Maindombe,Nioki,112,1,5,23,68.1,60.8,74.7,16.3,8.2,29.7
2022,zone,Maindombe,Ntandembelo,125,1,5,19,61.5,47.8,73.6,23.7,10.2,45.9
2022,zone,Maindombe,Oshwe,121,1,5,28,44.7,31.2,59.1,36.9,20.7,56.8
2022,zone,Maindombe,Pendjwa,102,1,5,16,39.9,34.0,46.0,58.6,50.1,66.7
2022,zone,Maindombe,Yumbi,129,1,5,18,79.8,70.7,86.6,15.9,10.4,23.6
2022,zone,Maniema,Alunguli,95,1,5,8,12.6,5.2,27.4,74.5,57.5,86.3
2022,zone,Maniema,Ferekeni,97,1,5,10,7.0,3.3,14.2,44.5,22.0,69.4
2022,zone,Maniema,Kabambare,65,1,4,13,22.7,8.6,47.9,25.4,9.2,53.4
2022,zone,Maniema,Kailo,78,1,5,18,8.4,1.5,36.0,61.6,30.0,85.7
2022,zone,Maniema,Kalima,90,1,5,19,22.4,14.0,34.0,40.8,24.4,59.6
2022,zone,Maniema,Kampene,95,1,5,18,0.8,0.0,12.4,74.7,59.3,85.7
2022,zone,Maniema,Kasongo,88,1,5,21,32.9,22.2,45.6,35.8,21.1,53.6
2022,zone,Maniema,Kibombo,95,1,5,13,7.4,2.1,23.0,64.9,53.5,74.8
2022,zone,Maniema,Kindu,109,1,5,11,29.7,20.4,41.0,27.5,18.3,39.2
2022,zone,Maniema,Kunda,92,1,5,30,21.6,11.1,37.9,43.1,27.5,60.3
2022,zone,Maniema,Lubutu,101,1,5,20,25.0,16.1,36.7,14.4,7.7,25.6
2022,zone,Maniema,Lusangi,88,1,5,18,23.3,5.8,59.9,31.9,18.5,49.3
2022,zone,Maniema,Obokote,91,1,5,11,43.1,37.8,48.5,20.0,14.2,27.4
2022,zone,Maniema,Pangi,86,1,5,16,3.9,1.1,13.0,42.8,37.9,48.0
2022,zone,Maniema,Punia,92,1,5,17,17.6,8.4,33.2,38.8,33.7,44.1
2022,zone,Maniema,Samba,99,1,5,12,16.1,11.7,21.7,51.7,35.0,68.1
2022,zone,Maniema,Saramabila,87,1,5,18,13.8,8.8,21.0,44.2,30.7,58.7
2022,zone,Maniema,Tunda,95,1,5,11,14.3,4.7,36.0,44.1,27.6,62.1
2022,zone,Mongala,Binga,83,1,5,32,5.1,1.6,15.3,75.1,64.7,83.2
2022,zone,Mongala,Bongandanga,106,1,5,24,31.4,16.1,52.3,15.0,11.8,19.0
2022,zone,Mongala,Boso Manzi,74,1,5,17,9.2,2.5,28.5,59.2,46.1,71.1
2022,zone,Mongala,Boso Mondanda,107,1,5,17,29.0,14.3,49.9,23.1,13.2,37.3
2022,zone,Mongala,Bosondjo,95,1,5,25,30.3,17.2,47.7,19.5,5.8,49.0
2022,zone,Mongala,Bumba,82,1,5,16,24.7,7.8,55.9,31.5,17.6,49.7
2022,zone,Mongala,Lisala,88,1,5,34,21.4,4.1,63.1,48.7,12.2,86.6
2022,zone,Mongala,Lolo,100,1,5,21,25.3,11.8,46.0,36.5,21.3,55.0
2022,zone,Mongala,Pimu,99,1,5,25,29.7,19.3,42.7,17.3,12.0,24.3
2022,zone,Mongala,Yamaluka,100,1,5,22,8.6,2.6,25.1,53.9,40.4,66.9
2022,zone,Mongala,Yambuku,68,1,5,40,5.4,0.3,50.2,81.1,67.3,90.0
2022,zone,Mongala,Yamongili,102,1,5,22,9.4,3.5,23.2,52.1,37.9,66.1
2022,zone,Nord Kivu,Alimbongo,88,1,5,21,98.1,90.6,99.6,0.0,0.0,0.0
2022,zone,Nord Kivu,Beni,98,1,5,22,74.7,60.0,85.3,8.0,2.9,19.9
2022,zone,Nord Kivu,Biena,92,1,5,16,85.2,55.3,96.4,2.6,0.2,23.2
2022,zone,Nord Kivu,Butembo,94,1,5,16,81.4,52.3,94.6,0.0,0.0,0.0
2022,zone,Nord Kivu,Goma,83,1,5,11,80.4,49.2,94.5,0.0,0.0,0.0
2022,zone,Nord Kivu,Itebero,105,1,5,30,58.5,33.8,79.5,0.0,0.0,0.0
2022,zone,Nord Kivu,Kalunguta,119,1,5,18,89.0,65.6,97.2,1.1,0.1,11.4
2022,zone,Nord Kivu,Kamango,71,1,5,14,71.4,65.6,76.5,10.0,4.1,22.5
2022,zone,Nord Kivu,Karisimbi,95,1,5,19,84.1,70.4,92.2,1.1,0.1,13.7
2022,zone,Nord Kivu,Katwa,86,1,5,20,94.4,89.2,97.2,0.0,0.0,0.0
2022,zone,Nord Kivu,Kayna,74,1,5,23,91.6,69.7,98.1,0.0,0.0,0.0
2022,zone,Nord Kivu,Kibua,68,1,5,19,69.2,41.7,87.7,0.9,0.1,11.9
2022,zone,Nord Kivu,Kirotshe,85,1,4,31,99.6,89.1,100.0,0.0,0.0,0.0
2022,zone,Nord Kivu,Kyondo,124,1,5,23,94.5,86.9,97.8,0.0,0.0,0.0
2022,zone,Nord Kivu,Lubero,76,1,5,21,100.0,100.0,100.0,0.0,0.0,0.0
2022,zone,Nord Kivu,Mabalako,171,1,6,16,88.1,72.8,95.3,0.8,0.1,10.5
2022,zone,Nord Kivu,Manguredjipa,85,1,5,10,49.0,18.3,80.5,2.7,0.3,21.9
2022,zone,Nord Kivu,Masereka,133,1,5,16,93.1,91.2,94.6,0.0,0.0,0.0
2022,zone,Nord Kivu,Masisi,66,1,5,26,43.7,23.7,66.1,0.0,0.0,0.0
2022,zone,Nord Kivu,Musienene,69,1,5,20,88.9,67.2,96.9,0.0,0.0,0.0
2022,zone,Nord Kivu,Mutwanga,86,1,5,20,79.3,63.6,89.3,2.2,0.1,30.2
2022,zone,Nord Kivu,Nyiragongo,72,1,5,11,90.3,62.6,98.1,0.0,0.0,0.0
2022,zone,Nord Kivu,Oicha,187,1,6,27,88.8,84.5,92.0,0.0,0.0,0.0
2022,zone,Nord Kivu,Pinga,87,1,5,19,59.6,42.4,74.8,0.0,0.0,0.0
2022,zone,Nord Kivu,Vuhovi,96,1,5,13,98.3,75.8,99.9,0.0,0.0,0.0
2022,zone,Nord Kivu,Walikale,85,1,5,18,57.1,27.3,82.5,0.0,0.0,0.0
2022,zone,Nord Ubangi,Abuzi,86,1,5,14,65.2,47.9,79.3,1.5,0.1,21.7
2022,zone,Nord Ubangi,Bili,83,1,5,19,31.5,8.1,70.5,22.5,7.3,51.8
2022,zone,Nord Ubangi,Bosobolo,74,1,5,20,46.0,15.3,80.1,8.1,2.7,21.8
2022,zone,Nord Ubangi,Businga,79,1,5,13,92.5,71.1,98.4,3.6,0.8,14.9
2022,zone,Nord Ubangi,Gbadolite,88,1,5,16,75.5,57.2,87.7,2.6,0.2,22.5
2022,zone,Nord Ubangi,Karawa,79,1,5,24,97.1,86.6,99.4,0.7,0.0,9.9
2022,zone,Nord Ubangi,Loko,78,1,5,15,95.9,81.8,99.2,0.0,0.0,0.0
2022,zone,Nord Ubangi,Mobayi Mbongo,73,1,5,18,51.9,36.2,67.2,21.3,14.5,30.2
2022,zone,Nord Ubangi,Wapinda,81,1,5,12,85.3,78.2,90.3,2.4,0.4,12.1
2022,zone,Nord Ubangi,Wasolo,79,1,5,14,67.3,24.9,92.7,2.3,0.5,10.5
2022,zone,Nord Ubangi,Yakoma,96,1,5,13,72.9,53.5,86.3,2.0,0.4,9.3
2022,zone,Sankuru,Bena Dibele,78,1,5,13,22.7,12.5,37.6,55.7,40.5,69.9
2022,zone,Sankuru,Dikungu,114,1,5,17,22.9,11.7,40.0,38.8,24.3,55.5
2022,zone,Sankuru,Djalo Ndjeka,109,1,5,14,24.3,12.1,42.8,37.8,21.1,57.9
2022,zone,Sankuru,Katako Kombe,115,1,5,17,43.6,31.9,56.2,38.6,25.6,53.4
2022,zone,Sankuru,Kole,98,1,5,12,26.8,16.5,40.3,50.4,29.1,71.6
2022,zone,Sankuru,Lodja,106,1,5,23,11.5,3.5,32.0,47.0,24.3,71.1
2022,zone,Sankuru,Lomela,107,1,5,19,32.2,22.8,43.4,32.7,15.6,56.0
2022,zone,Sankuru,Lusambo,95,1,5,13,10.7,6.3,17.7,30.9,29.7,32.1
2022,zone,Sankuru,Minga,105,1,5,19,13.2,2.0,53.6,34.9,22.6,49.4
2022,zone,Sankuru,Omendjadi,102,1,5,18,31.7,21.5,44.1,33.5,22.1,47.3
2022,zone,Sankuru,Ototo,102,1,5,17,16.9,6.5,37.2,63.8,42.5,80.8
2022,zone,Sankuru,Pania Mutombo,105,1,5,10,17.3,8.7,31.5,33.3,22.1,46.8
2022,zone,Sankuru,Tshudi Loto,109,1,5,11,9.2,2.6,28.0,61.5,37.9,80.6
2022,zone,Sankuru,Tshumbe,113,1,5,14,31.9,18.5,49.1,31.9,18.3,49.5
2022,zone,Sankuru,Vanga Kete,127,1,5,17,16.4,7.8,31.1,52.3,35.2,68.8
2022,zone,Sankuru,Wembo Nyama,104,1,5,15,50.6,35.5,65.5,25.0,11.7,45.6
2022,zone,Sud Kivu,Bagira,100,1,5,8,77.0,60.9,87.8,15.3,7.9,27.6
2022,zone,Sud Kivu,Bunyakiri,101,1,5,26,59.1,45.0,72.0,9.0,2.8,25.1
2022,zone,Sud Kivu,Fizi,80,1,5,31,48.1,33.6,62.9,13.9,10.3,18.5
2022,zone,Sud Kivu,Haut Plateau,87,1,4,23,51.1,31.6,70.3,16.1,13.2,19.6
2022,zone,Sud Kivu,Ibanda,83,1,5,17,70.1,45.7,86.8,0.0,0.0,0.0
2022,zone,Sud Kivu,Idjwi,85,1,5,21,61.5,45.2,75.6,14.1,6.3,28.9
2022,zone,Sud Kivu,Itombwe,69,1,5,18,65.5,34.2,87.4,6.9,0.7,44.8
2022,zone,Sud Kivu,Kabare,114,1,5,16,85.7,73.1,93.0,2.8,0.5,14.9
2022,zone,Sud Kivu,Kadutu,82,1,5,14,77.6,61.9,88.1,5.8,1.5,19.5
2022,zone,Sud Kivu,Kalehe,93,1,5,16,47.3,17.7,78.9,15.7,10.7,22.3
2022,zone,Sud Kivu,Kalole,64,1,5,24,70.7,40.8,89.4,0.0,0.0,0.0
2022,zone,Sud Kivu,Kalonge,131,1,5,18,59.7,45.3,72.6,1.3,0.1,10.8
2022,zone,Sud Kivu,Kamituga,114,1,5,23,42.2,25.9,60.4,5.4,1.1,22.9
2022,zone,Sud Kivu,Kaniola,117,1,5,16,89.5,72.3,96.6,4.9,1.7,13.3
2022,zone,Sud Kivu,Katana,92,1,5,20,76.1,64.1,85.0,8.3,3.8,17.2
2022,zone,Sud Kivu,Kaziba,110,1,5,16,70.7,51.0,84.8,4.8,1.2,17.0
2022,zone,Sud Kivu,Kimbi Lulenge,90,1,5,24,12.1,3.9,31.4,33.2,23.8,44.1
2022,zone,Sud Kivu,Kitutu,114,1,5,22,46.2,33.9,58.9,20.6,14.9,27.7
2022,zone,Sud Kivu,Lemera,84,1,4,26,78.7,73.9,82.8,8.7,3.8,18.8
2022,zone,Sud Kivu,Lulingu,105,1,5,21,88.7,69.2,96.5,3.3,0.5,19.5
2022,zone,Sud Kivu,Minembwe,84,1,5,18,43.2,12.3,80.5,6.1,0.4,49.1
2022,zone,Sud Kivu,Minova,100,1,5,21,78.9,18.6,98.4,0.8,0.0,16.3
2022,zone,Sud Kivu,Miti Murhesa,124,1,5,20,72.3,58.9,82.7,12.0,5.4,24.3
2022,zone,Sud Kivu,Mubumbano,90,1,5,16,67.3,45.9,83.3,10.2,1.3,49.6
2022,zone,Sud Kivu,Mulungu,94,1,5,20,67.8,51.9,80.5,13.3,6.7,24.7
2022,zone,Sud Kivu,Mwana,107,1,5,15,60.6,36.2,80.6,8.5,3.0,21.7
2022,zone,Sud Kivu,Mwenga,117,1,5,18,58.5,33.4,79.8,19.2,9.3,35.5
2022,zone,Sud Kivu,Nundu,80,1,5,21,61.2,36.8,81.0,5.3,1.9,13.7
2022,zone,Sud Kivu,Nyangezi,136,1,5,12,84.2,57.8,95.4,2.7,0.3,18.2
2022,zone,Sud Kivu,Nyantende,95,1,5,11,87.5,80.3,92.3,5.4,0.5,39.8
2022,zone,Sud Kivu,Ruzizi,78,1,5,23,49.8,40.0,59.6,11.1,6.2,19.1
2022,zone,Sud Kivu,Shabunda,99,1,5,23,82.7,64.9,92.6,0.0,0.0,0.0
2022,zone,Sud Kivu,Uvira,88,1,5,22,65.7,39.9,84.7,7.6,2.8,19.0
2022,zone,Sud Kivu,Walungu,78,1,5,23,92.1,77.7,97.5,0.0,0.0,0.0
2022,zone,Sud Ubangi,Bangabola,77,1,5,17,49.4,30.8,68.2,18.8,9.7,33.5
2022,zone,Sud Ubangi,Bogosenubea,87,1,5,21,37.5,14.6,67.7,2.2,0.3,14.6
2022,zone,Sud Ubangi,Bokonzi,108,1,5,24,20.8,6.7,49.2,22.3,9.9,42.9
2022,zone,Sud Ubangi,Bominenge,40,1,5,13,21.3,4.7,59.5,10.1,4.6,20.8
2022,zone,Sud Ubangi,Boto,97,1,5,22,31.9,16.8,52.2,16.2,8.9,27.6
2022,zone,Sud Ubangi,Budjala,63,1,5,16,60.5,31.9,83.3,2.7,0.6,11.6
2022,zone,Sud Ubangi,Bulu,116,1,5,18,29.6,17.8,45.0,9.1,2.0,33.2
2022,zone,Sud Ubangi,Bwamanda,76,1,5,21,49.0,28.3,70.2,0.0,0.0,0.0
2022,zone,Sud Ubangi,Gemena,95,1,5,31,50.4,32.5,68.2,5.7,1.3,21.5
2022,zone,Sud Ubangi,Kungu,98,1,5,21,11.5,3.2,33.6,11.6,7.5,17.5
2022,zone,Sud Ubangi,Libenge,69,1,5,20,25.5,5.5,67.1,0.0,0.0,0.0
2022,zone,Sud Ubangi,Mawuya,64,1,5,18,54.0,25.9,79.8,6.4,0.8,36.1
2022,zone,Sud Ubangi,Mbaya,85,1,5,11,58.0,33.3,79.2,8.5,2.8,23.2
2022,zone,Sud Ubangi,Ndage,58,1,5,22,43.2,21.8,67.3,1.4,0.1,18.9
2022,zone,Sud Ubangi,Tandala,68,1,5,18,47.2,25.4,70.2,9.4,3.7,21.9
2022,zone,Sud Ubangi,Zongo,94,1,5,15,33.0,10.6,67.1,4.8,1.2,17.0
2022,zone,Tanganyika,Ankoro,92,1,5,25,82.9,63.8,93.1,6.7,1.3,28.6
2022,zone,Tanganyika,Kabalo,109,1,5,25,50.4,31.9,68.8,0.0,0.0,0.0
2022,zone,Tanganyika,Kalemie,80,1,5,27,67.8,44.7,84.6,4.9,0.8,24.2
2022,zone,Tanganyika,Kansimba,68,1,5,21,8.5,1.4,38.0,49.7,16.7,82.9
2022,zone,Tanganyika,Kiambi,102,1,5,26,61.3,41.8,77.7,9.0,3.0,23.8
2022,zone,Tanganyika,Kongolo,85,1,5,25,59.7,37.7,78.4,0.0,0.0,0.0
2022,zone,Tanganyika,Manono,76,1,5,27,73.5,44.2,90.7,13.0,3.4,38.6
2022,zone,Tanganyika,Mbulula,108,1,5,21,40.7,19.3,66.4,0.0,0.0,0.0
2022,zone,Tanganyika,Moba,138,1,5,25,28.5,10.5,57.7,10.1,6.1,16.3
2022,zone,Tanganyika,Nyemba,98,1,5,21,60.6,30.0,84.6,3.7,0.2,37.1
2022,zone,Tanganyika,Nyunzu,95,1,5,25,15.5,8.6,26.3,23.7,11.6,42.5
2022,zone,Tshopo,Bafwagbogbo,82,1,5,18,9.3,1.6,39.6,58.4,40.9,74.0
2022,zone,Tshopo,Bafwasende,105,1,5,14,17.2,5.6,42.0,48.0,33.8,62.5
2022,zone,Tshopo,Banalia,83,1,5,20,4.7,0.7,25.9,71.7,42.5,89.7
2022,zone,Tshopo,Basali,90,1,5,14,2.2,0.4,10.1,84.0,67.7,92.9
2022,zone,Tshopo,Basoko,83,1,5,21,7.4,2.3,21.6,69.0,49.8,83.3
2022,zone,Tshopo,Bengamisa,73,1,5,17,3.4,0.4,21.4,69.0,56.3,79.3
2022,zone,Tshopo,Isangi,74,1,5,23,20.1,8.4,40.7,51.1,30.9,70.9
2022,zone,Tshopo,Kabondo,91,1,5,16,33.0,21.4,47.1,39.9,29.3,51.6
2022,zone,Tshopo,Lowa,89,1,5,17,6.8,2.0,21.2,72.9,68.1,77.3
2022,zone,Tshopo,Lubunga,99,1,5,18,18.3,3.5,57.8,60.2,30.4,83.9
2022,zone,Tshopo,Makiso Kisangani,89,1,5,21,25.0,8.3,55.1,38.2,20.9,59.1
2022,zone,Tshopo,Mangobo,79,1,5,18,41.6,24.6,60.8,30.9,22.1,41.3
2022,zone,Tshopo,Opala,95,1,5,23,6.5,2.8,14.3,71.5,54.7,83.9
2022,zone,Tshopo,Opienge,103,1,5,15,9.9,4.0,22.3,50.7,30.7,70.5
2022,zone,Tshopo,Tshopo,97,1,5,16,19.0,8.7,36.7,51.4,36.0,66.5
2022,zone,Tshopo,Ubundu,82,1,5,17,7.6,1.6,30.0,63.0,35.5,84.0
2022,zone,Tshopo,Wanierukula,98,1,5,14,11.6,4.9,25.0,39.6,19.4,64.1
2022,zone,Tshopo,Yabaondo,64,1,5,23,9.1,2.7,26.5,69.9,45.0,86.9
2022,zone,Tshopo,Yahisuli,95,1,5,17,2.9,0.5,14.8,83.3,71.7,90.8
2022,zone,Tshopo,Yahuma,73,1,5,27,9.7,2.1,35.7,86.1,59.8,96.3
2022,zone,Tshopo,Yakusu,82,1,5,22,20.5,6.2,50.2,51.2,20.2,81.4
2022,zone,Tshopo,Yaleko,87,1,5,21,5.3,1.4,18.1,66.6,50.4,79.7
2022,zone,Tshopo,Yalimbongo,86,1,5,17,5.0,1.3,17.0,71.2,51.6,85.1
2022,zone,Tshuapa,Befale,93,1,5,22,10.9,6.7,17.0,24.1,9.3,49.7
2022,zone,Tshuapa,Boende,102,1,5,37,11.2,3.4,31.1,21.5,7.1,49.5
2022,zone,Tshuapa,Bokungu,121,1,5,24,35.5,10.2,72.6,7.0,3.0,15.6
2022,zone,Tshuapa,Busanga,110,1,5,16,13.1,5.6,27.8,55.2,39.2,70.2
2022,zone,Tshuapa,Djolu,124,1,5,28,1.6,0.1,16.9,35.7,22.3,51.8
2022,zone,Tshuapa,Ikela,109,1,5,28,53.3,32.2,73.3,9.8,3.3,25.8
2022,zone,Tshuapa,Lingomo,107,1,5,19,0.7,0.0,9.2,40.2,12.7,75.6
2022,zone,Tshuapa,Mompono,116,1,5,15,11.8,3.9,31.0,25.4,13.9,41.9
2022,zone,Tshuapa,Mondombe,101,1,5,22,24.6,10.1,48.7,13.3,3.8,37.3
2022,zone,Tshuapa,Monkoto,100,1,5,25,21.9,10.6,39.9,24.6,11.1,46.1
2022,zone,Tshuapa,Wema,114,1,5,20,2.6,0.9,7.4,51.5,39.8,62.9
2022,zone,Tshuapa,Yalifafu,114,1,5,21,14.5,4.8,36.4,38.3,22.5,57.1
2023,national,,,48326,509,2712,9364,57.4,56.4,58.5,13.5,12.9,14.1
2023,province,Bas Uele,,896,11,56,169,35.3,31.2,39.7,33.3,28.9,38.0
2023,province,Equateur,,1868,18,93,286,42.0,36.5,47.7,6.2,4.3,8.9
2023,province,Haut Katanga,,2486,27,139,421,51.6,47.7,55.4,24.9,21.4,28.7
2023,province,Haut Lomami,,1808,16,96,373,72.2,68.2,75.8,5.1,3.7,7.1
2023,province,Haut Uele,,1109,13,65,212,45.2,40.1,50.3,29.5,25.3,34.0
2023,province,Ituri,,2826,33,168,554,62.0,58.4,65.4,3.5,2.6,4.5
2023,province,Kasai,,1897,18,105,406,42.6,37.6,47.9,19.2,15.6,23.3
2023,province,Kasai Central,,2400,26,138,459,54.1,50.1,58.1,6.2,4.8,8.0
2023,province,Kasai Oriental,,1830,19,95,320,43.6,39.5,47.8,17.5,14.8,20.6
2023,province,Kinshasa,,3303,35,176,417,84.2,81.4,86.6,1.7,1.1,2.4
2023,province,Kongo Central,,2771,31,155,405,63.5,60.0,66.8,9.4,7.3,12.0
2023,province,Kwango,,1405,14,80,305,62.2,56.5,67.6,7.9,5.6,11.2
2023,province,Kwilu,,3145,24,156,674,84.5,80.5,87.9,4.9,3.2,7.4
2023,province,Lomami,,1580,16,87,316,54.1,49.1,59.1,7.9,6.0,10.3
2023,province,Lualaba,,1360,14,74,244,47.7,42.6,52.9,17.5,14.4,21.1
2023,province,Maindombe,,1380,14,79,311,48.3,44.2,52.5,28.6,24.3,33.2
2023,province,Maniema,,1628,18,92,284,21.3,17.7,25.3,42.0,38.0,46.2
2023,province,Mongala,,1175,12,72,295,21.7,16.7,27.6,49.3,43.8,54.8
2023,province,Nord Kivu,,2734,28,146,535,74.1,69.7,78.1,0.5,0.3,0.9
2023,province,Nord Ubangi,,843,11,56,178,80.6,74.7,85.5,1.8,1.0,3.2
2023,province,Sankuru,,1540,16,80,248,19.8,16.4,23.7,44.3,38.4,50.5
2023,province,Sud Kivu,,2990,34,181,663,69.4,65.0,73.4,7.2,4.5,11.3
2023,province,Sud Ubangi,,1411,16,86,330,38.8,33.6,44.4,15.2,12.1,18.8
2023,province,Tanganyika,,932,11,63,267,66.3,56.7,74.8,7.2,4.2,12.1
2023,province,Tshopo,,1924,22,114,414,29.3,23.3,36.1,36.4,32.1,40.9
2023,province,Tshuapa,,1085,12,60,278,17.0,13.1,21.7,25.1,21.0,29.8
2023,zone,Bas Uele,Aketi,83,1,5,18,20.7,12.0,33.4,49.9,26.2,73.7
2023,zone,Bas Uele,Ango,90,1,6,23,51.9,36.4,67.1,11.4,8.0,15.9
2023,zone,Bas Uele,Bili,83,1,5,12,33.0,24.9,42.3,18.4,6.9,40.9
2023,zone,Bas Uele,Bondo,74,1,5,15,31.1,26.3,36.3,45.9,39.9,52.0
2023,zone,Bas Uele,Buta,86,1,5,16,40.5,29.5,52.5,26.3,20.7,32.8
2023,zone,Bas Uele,Ganga,89,1,5,21,21.3,16.9,26.5,45.1,34.1,56.5
2023,zone,Bas Uele,Likati,77,1,5,12,27.0,16.9,40.3,58.9,40.5,75.0
2023,zone,Bas Uele,Monga,74,1,5,10,46.9,37.6,56.4,28.0,18.5,39.9
2023,zone,Bas Uele,Poko,74,1,5,18,48.6,35.4,61.9,29.4,17.0,46.0
2023,zone,Bas Uele,Titule,84,1,5,11,30.0,17.5,46.4,19.3,14.0,25.9
2023,zone,Bas Uele,Viadana,82,1,5,13,31.1,16.7,50.4,37.3,29.4,45.9
2023,zone,Equateur,Basankusu,121,1,6,27,54.9,42.2,66.9,0.9,0.1,8.9
2023,zone,Equateur,Bikoro,131,1,5,21,30.3,23.5,38.2,16.7,9.0,28.9
2023,zone,Equateur,Bolenge,88,1,5,11,6.2,1.7,19.8,16.0,7.0,32.6
2023,zone,Equateur,Bolomba,122,1,7,29,45.3,34.1,57.1,0.0,0.0,0.0
2023,zone,Equateur,Bomongo,80,1,5,16,52.9,41.3,64.1,0.0,0.0,0.0
2023,zone,Equateur,Djombo,119,1,5,14,44.6,12.7,81.7,15.7,5.1,38.9
2023,zone,Equateur,Iboko,96,1,5,15,10.9,2.3,39.0,23.6,11.5,42.3
2023,zone,Equateur,Ingende,81,1,5,19,33.1,6.3,78.5,1.6,0.2,11.0
2023,zone,Equateur,Irebu,100,1,5,7,57.7,40.0,73.6,2.7,0.6,11.9
2023,zone,Equateur,Lilanga Bobangi,112,1,5,12,61.5,47.3,73.9,4.0,1.7,9.4
2023,zone,Equateur,Lotumbe,81,1,5,18,44.0,27.9,61.4,0.0,0.0,0.0
2023,zone,Equateur,Lukolela,112,1,5,14,57.9,35.2,77.7,1.2,0.1,17.1
2023,zone,Equateur,Makanza,111,1,5,17,50.9,44.4,57.4,1.8,0.3,10.7
2023,zone,Equateur,Mampoko,129,1,5,13,30.1,22.6,38.9,5.7,0.7,34.8
2023,zone,Equateur,Mbandaka,78,1,5,16,51.7,9.0,92.1,4.0,0.5,27.6
2023,zone,Equateur,Monieka,102,1,5,12,38.2,24.0,54.6,0.0,0.0,0.0
2023,zone,Equateur,Ntondo,98,1,5,14,28.1,14.6,47.4,31.6,21.9,43.4
2023,zone,Equateur,Wangata,107,1,5,11,48.1,18.2,79.5,2.8,0.5,14.7
2023,zone,Haut Katanga,Kafubu,95,1,5,13,71.0,45.1,88.0,9.2,4.1,19.7
2023,zone,Haut Katanga,Kamalondo,85,1,4,4,75.2,43.2,92.4,14.3,3.3,45.0
2023,zone,Haut Katanga,Kambove,97,1,5,11,30.1,20.0,42.4,56.9,43.2,69.7
2023,zone,Haut Katanga,Kampemba,91,1,5,22,57.9,47.6,67.5,25.2,14.9,39.4
2023,zone,Haut Katanga,Kapolowe,88,1,5,16,32.8,18.7,50.8,57.1,36.7,75.3
2023,zone,Haut Katanga,Kasenga,95,1,5,13,60.6,45.9,73.7,23.4,16.3,32.6
2023,zone,Haut Katanga,Kashobwe,95,1,5,12,39.9,25.2,56.7,36.2,26.0,47.9
2023,zone,Haut Katanga,Katuba,84,1,5,15,73.0,53.6,86.4,3.0,0.3,23.8
2023,zone,Haut Katanga,Kenya,96,1,5,19,49.5,37.9,61.2,12.2,4.8,27.4
2023,zone,Haut Katanga,Kikula,83,1,5,13,55.9,42.6,68.4,32.7,23.0,44.0
2023,zone,Haut Katanga,Kilela Balanda,90,1,5,11,31.5,27.7,35.7,51.6,44.4,58.7
2023,zone,Haut Katanga,Kilwa,113,1,6,24,28.8,20.3,39.0,23.4,17.2,31.1
2023,zone,Haut Katanga,Kipushi,101,1,5,16,45.1,23.1,69.2,38.7,16.3,67.2
2023,zone,Haut Katanga,Kisanga,82,1,5,20,50.9,36.1,65.6,16.2,6.6,34.4
2023,zone,Haut Katanga,Kowe,85,1,5,6,62.0,40.5,79.7,11.8,6.0,21.9
2023,zone,Haut Katanga,Likasi,84,1,5,10,65.5,49.8,78.4,21.9,11.4,37.9
2023,zone,Haut Katanga,Lubumbashi,104,1,6,23,79.8,62.4,90.4,9.4,5.6,15.4
2023,zone,Haut Katanga,Lukafu,89,1,5,12,28.7,17.7,42.9,62.0,43.9,77.3
2023,zone,Haut Katanga,Mitwaba,84,1,6,23,52.3,30.7,73.1,20.1,7.2,44.8
2023,zone,Haut Katanga,Mufunga Sampwe,98,1,6,23,56.8,23.8,84.7,13.0,2.8,44.1
2023,zone,Haut Katanga,Mumbunda,78,1,5,20,70.1,56.7,80.7,7.2,1.4,30.2
2023,zone,Haut Katanga,Panda,87,1,5,9,68.8,46.7,84.7,20.8,4.7,58.5
2023,zone,Haut Katanga,Pweto,100,1,5,17,30.8,21.6,41.8,22.2,18.1,26.9
2023,zone,Haut Katanga,Ruashi,118,1,6,26,53.9,39.9,67.2,28.3,14.3,48.3
2023,zone,Haut Katanga,Sakania,85,1,5,17,32.8,15.4,56.9,51.0,33.3,68.6
2023,zone,Haut Katanga,Tshamilemba,91,1,5,15,67.2,61.0,72.8,7.7,4.6,12.6
2023,zone,Haut Katanga,Vangu,88,1,5,11,71.3,58.9,81.2,3.5,0.8,14.2
2023,zone,Haut Lomami,Baka,103,1,4,4,83.8,74.1,90.3,10.1,6.1,16.3
2023,zone,Haut Lomami,Bukama,117,1,6,23,65.4,41.9,83.2,0.7,0.1,8.3
2023,zone,Haut Lomami,Butumba,55,1,5,17,57.1,41.1,71.7,0.0,0.0,0.0
2023,zone,Haut Lomami,Kabondo Dianda,70,1,5,20,87.3,72.9,94.6,0.0,0.0,0.0
2023,zone,Haut Lomami,Kabongo,150,1,8,40,63.5,44.5,79.0,13.8,9.3,20.0
2023,zone,Haut Lomami,Kamina,105,1,6,24,84.9,79.5,89.1,2.7,0.7,9.6
2023,zone,Haut Lomami,Kaniama,132,1,7,30,62.9,51.6,72.9,14.4,9.6,20.9
2023,zone,Haut Lomami,Kayamba,99,1,5,18,66.2,54.5,76.1,11.0,3.1,32.1
2023,zone,Haut Lomami,Kinda,74,1,5,14,74.6,53.8,88.1,11.1,5.4,21.3
2023,zone,Haut Lomami,Kinkondja,119,1,7,28,66.3,53.2,77.2,0.0,0.0,0.0
2023,zone,Haut Lomami,Kitenge,144,1,8,33,69.0,53.4,81.2,9.9,5.2,18.3
2023,zone,Haut Lomami,Lwamba,136,1,6,26,93.4,78.2,98.2,0.0,0.0,0.0
2023,zone,Haut Lomami,Malemba Nkulu,126,1,6,23,68.1,53.9,79.6,0.0,0.0,0.0
2023,zone,Haut Lomami,Mukanga,115,1,5,21,83.7,69.8,91.9,0.0,0.0,0.0
2023,zone,Haut Lomami,Mulongo,127,1,6,23,81.8,69.7,89.8,0.0,0.0,0.0
2023,zone,Haut Lomami,Songa,136,1,7,29,63.5,49.6,75.5,13.6,8.4,21.4
2023,zone,Haut Uele,Aba,107,1,5,16,36.9,16.8,62.9,32.6,16.9,53.4
2023,zone,Haut Uele,Boma Mangbetu,81,1,5,14,56.0,48.5,63.3,17.2,8.1,32.9
2023,zone,Haut Uele,Doruma,67,1,5,11,52.5,45.2,59.7,20.2,9.0,39.4
2023,zone,Haut Uele,Dungu,70,1,5,20,51.0,35.7,66.0,20.4,11.7,33.3
2023,zone,Haut Uele,Faradje,53,1,5,18,28.3,15.7,45.4,43.0,23.2,65.4
2023,zone,Haut Uele,Gombari,107,1,5,15,46.4,21.9,72.8,30.0,12.0,57.3
2023,zone,Haut Uele,Isiro,92,1,5,20,41.3,24.2,60.7,32.0,23.9,41.2
2023,zone,Haut Uele,Makoro,103,1,5,15,21.9,15.7,29.7,51.0,35.2,66.6
2023,zone,Haut Uele,Niangara,72,1,5,16,37.4,17.9,62.0,19.5,13.9,26.7
2023,zone,Haut Uele,Pawa,79,1,5,18,67.5,54.0,78.6,11.0,5.3,21.5
2023,zone,Haut Uele,Rungu,85,1,5,14,45.6,34.2,57.6,25.9,20.4,32.4
2023,zone,Haut Uele,Wamba,98,1,5,17,43.2,14.9,76.7,40.8,16.1,71.3
2023,zone,Haut Uele,Watsa,95,1,5,18,52.3,35.3,68.7,29.5,16.9,46.4
2023,zone,Ituri,Adi,101,1,5,19,49.8,29.4,70.3,2.8,0.9,8.0
2023,zone,Ituri,Adja,105,1,5,18,78.6,51.9,92.6,0.0,0.0,0.0
2023,zone,Ituri,Angumu,95,1,5,22,69.4,49.8,83.8,0.0,0.0,0.0
2023,zone,Ituri,Ariwara,77,1,5,22,53.5,24.7,80.2,1.2,0.1,14.9
2023,zone,Ituri,Aru,128,1,6,25,50.7,28.4,72.6,6.5,2.0,18.7
2023,zone,Ituri,Aungba,84,1,5,21,42.9,20.2,69.0,4.0,1.4,10.8
2023,zone,Ituri,Bambu,83,1,5,14,61.3,45.4,75.0,8.3,4.9,13.6
2023,zone,Ituri,Biringi,75,1,5,19,57.1,45.0,68.4,2.7,0.2,28.7
2023,zone,Ituri,Boga,83,1,5,10,55.9,25.3,82.6,5.3,1.9,14.1
2023,zone,Ituri,Bunia,102,1,6,23,80.4,58.4,92.3,2.7,0.6,12.0
2023,zone,Ituri,Fataki,85,1,5,14,56.2,33.0,76.9,5.5,1.6,16.6
2023,zone,Ituri,Gety,77,1,5,18,82.6,66.8,91.8,3.5,0.7,15.0
2023,zone,Ituri,Jiba,76,1,5,14,66.1,56.2,74.8,5.6,1.9,15.1
2023,zone,Ituri,Kambala,73,1,5,15,46.3,17.7,77.6,0.0,0.0,0.0
2023,zone,Ituri,Kilo,81,1,4,10,58.5,39.0,75.7,3.5,0.4,24.2
2023,zone,Ituri,Komanda,77,1,5,17,65.3,42.0,83.1,11.2,2.4,39.2
2023,zone,Ituri,Laybo,84,1,5,17,58.1,42.5,72.1,0.0,0.0,0.0
2023,zone,Ituri,Linga,96,1,5,16,57.4,48.8,65.6,5.2,0.8,27.0
2023,zone,Ituri,Lita,71,1,5,14,62.3,54.4,69.5,2.7,0.4,16.1
2023,zone,Ituri,Logo,115,1,6,26,64.0,49.1,76.5,4.8,1.3,15.9
2023,zone,Ituri,Mahagi,97,1,5,17,67.9,46.5,83.7,6.6,3.0,14.0
2023,zone,Ituri,Mambasa,67,1,5,17,45.2,25.4,66.6,2.3,0.4,11.7
2023,zone,Ituri,Mandima,73,1,5,18,53.6,41.9,64.9,7.3,1.1,34.8
2023,zone,Ituri,Mangala,77,1,5,11,55.0,37.5,71.3,5.4,1.6,16.4
2023,zone,Ituri,Mongbwalu,79,1,5,12,70.3,57.3,80.7,3.8,1.3,10.9
2023,zone,Ituri,Nia Nia,71,1,5,9,42.5,33.1,52.5,2.1,0.4,11.4
2023,zone,Ituri,Nizi,84,1,5,11,47.6,30.3,65.6,0.8,0.0,12.9
2023,zone,Ituri,Nyankunde,79,1,5,11,33.4,22.4,46.5,0.0,0.0,0.0
2023,zone,Ituri,Nyarambe,107,1,6,23,62.3,42.9,78.4,6.6,2.5,16.4
2023,zone,Ituri,Rethy,83,1,5,22,73.6,63.1,82.0,2.0,0.2,20.3
2023,zone,Ituri,Rimba,94,1,5,22,89.4,81.9,94.0,0.0,0.0,0.0
2023,zone,Ituri,Rwampara,77,1,5,14,49.3,25.7,73.2,0.0,0.0,0.0
2023,zone,Ituri,Tchomia,70,1,5,13,85.7,68.6,94.3,2.3,0.2,22.0
2023,zone,Kasai,Banga Lubaka,99,1,5,18,43.1,26.9,61.0,8.9,3.7,19.7
2023,zone,Kasai,Bulape,97,1,5,19,54.3,33.6,73.6,17.0,5.3,42.6
2023,zone,Kasai,Dekese,101,1,6,23,14.1,5.0,33.6,48.3,28.2,68.9
2023,zone,Kasai,Ilebo,91,1,5,19,33.7,24.2,44.7,31.8,19.1,48.0
2023,zone,Kasai,Kakenge,86,1,6,24,61.2,43.4,76.5,5.1,0.9,23.7
2023,zone,Kasai,Kalonda Ouest,119,1,7,28,39.1,21.6,60.0,28.0,16.4,43.5
2023,zone,Kasai,Kamonia,106,1,6,25,18.7,7.2,40.3,31.1,24.3,38.8
2023,zone,Kasai,Kamwesha,127,1,7,28,28.6,16.1,45.6,31.6,16.4,52.0
2023,zone,Kasai,Kanzala,88,1,5,17,42.0,22.2,64.7,31.4,18.8,47.5
2023,zone,Kasai,Kitangwa,155,1,7,28,48.4,30.1,67.1,1.4,0.3,6.5
2023,zone,Kasai,Luebo,106,1,6,26,50.0,38.8,61.2,10.7,6.3,17.6
2023,zone,Kasai,Mikope,143,1,6,23,64.3,49.0,77.2,4.9,1.2,17.6
2023,zone,Kasai,Mushenge,109,1,6,24,75.5,58.8,86.9,12.9,6.1,25.1
2023,zone,Kasai,Mutena,90,1,5,20,38.5,20.8,60.0,18.2,10.4,30.0
2023,zone,Kasai,Mweka,104,1,7,28,64.8,51.1,76.4,6.5,3.1,13.0
2023,zone,Kasai,Ndjoko Mpunda,83,1,5,20,39.3,32.4,46.8,24.6,17.9,32.9
2023,zone,Kasai,Nyanga,95,1,5,12,75.6,40.4,93.4,3.3,0.8,12.3
2023,zone,Kasai,Tshikapa,98,1,6,24,34.7,17.6,56.9,7.8,2.5,21.7
2023,zone,Kasai Central,Bena Leka,100,1,6,25,55.4,26.1,81.4,13.2,6.2,25.7
2023,zone,Kasai Central,Bena Tshadi,85,1,5,11,58.2,35.7,77.7,4.2,1.1,14.7
2023,zone,Kasai Central,Bilomba,93,1,5,15,61.7,50.9,71.5,2.2,0.2,21.1
2023,zone,Kasai Central,Bobozo,93,1,5,9,73.3,54.0,86.5,2.3,0.3,14.5
2023,zone,Kasai Central,Bunkonde,98,1,5,14,58.3,48.3,67.7,5.1,2.5,10.2
2023,zone,Kasai Central,Demba,110,1,6,26,29.1,18.1,43.4,14.5,9.0,22.6
2023,zone,Kasai Central,Dibaya,93,1,5,17,44.6,24.2,67.0,9.0,1.7,35.9
2023,zone,Kasai Central,Kalomba,80,1,5,17,40.4,28.1,54.1,1.4,0.1,12.9
2023,zone,Kasai Central,Kananga,107,1,6,24,57.4,44.5,69.3,9.4,3.2,24.6
2023,zone,Kasai Central,Katende,72,1,5,13,62.0,48.3,74.0,4.4,1.9,9.6
2023,zone,Kasai Central,Katoka,101,1,5,10,59.1,44.8,72.0,4.5,1.8,10.8
2023,zone,Kasai Central,Luambo,81,1,5,21,69.5,52.1,82.8,1.7,0.2,12.6
2023,zone,Kasai Central,Lubondaie,86,1,5,20,53.5,42.9,63.7,1.0,0.1,11.7
2023,zone,Kasai Central,Lubunga,81,1,5,12,32.5,20.1,47.8,13.0,3.8,36.2
2023,zone,Kasai Central,Luiza,60,1,5,20,71.6,49.4,86.7,0.0,0.0,0.0
2023,zone,Kasai Central,Lukonga,94,1,5,19,58.5,50.5,66.0,8.4,2.6,24.3
2023,zone,Kasai Central,Masuika,87,1,6,23,63.7,41.9,81.0,4.0,1.4,11.3
2023,zone,Kasai Central,Mikalayi,101,1,6,26,74.4,55.6,87.1,3.7,0.5,24.0
2023,zone,Kasai Central,Muetshi,98,1,5,12,62.0,47.7,74.4,4.9,1.7,13.1
2023,zone,Kasai Central,Mutoto,89,1,5,15,54.9,32.8,75.1,5.1,1.0,22.5
2023,zone,Kasai Central,Ndekesha,69,1,5,18,51.2,31.5,70.5,1.5,0.1,14.5
2023,zone,Kasai Central,Ndesha,90,1,5,9,62.9,49.4,74.7,4.3,1.5,11.2
2023,zone,Kasai Central,Tshibala,116,1,6,24,32.5,21.8,45.4,6.8,1.5,25.7
2023,zone,Kasai Central,Tshikaji,92,1,5,14,63.6,55.2,71.2,3.5,1.4,8.6
2023,zone,Kasai Central,Tshikula,97,1,5,16,59.8,48.2,70.5,2.3,0.2,21.0
2023,zone,Kasai Central,Yangala,127,1,7,29,50.1,38.7,61.4,3.9,1.2,12.2
2023,zone,Kasai Oriental,Bibanga,97,1,5,17,42.4,19.3,69.4,25.2,7.2,59.5
2023,zone,Kasai Oriental,Bipemba,101,1,5,19,41.3,22.2,63.5,19.2,11.1,31.2
2023,zone,Kasai Oriental,Bonzola,102,1,5,16,50.6,40.0,61.2,17.0,4.5,47.2
2023,zone,Kasai Oriental,Cilundu,86,1,5,16,54.8,40.3,68.6,5.5,0.5,40.1
2023,zone,Kasai Oriental,Citenge,101,1,5,18,24.6,13.6,40.2,36.9,25.1,50.5
2023,zone,Kasai Oriental,Dibindi,99,1,5,13,36.3,14.5,65.8,20.3,10.2,36.4
2023,zone,Kasai Oriental,Diulu,85,1,5,19,59.6,40.5,76.2,12.6,3.1,39.0
2023,zone,Kasai Oriental,Kabeya Kamwanga,91,1,5,15,46.6,39.0,54.3,15.5,8.2,27.5
2023,zone,Kasai Oriental,Kansele,98,1,5,16,51.6,39.4,63.6,9.4,5.9,14.8
2023,zone,Kasai Oriental,Kasansa,87,1,5,18,23.4,12.8,38.9,34.9,20.5,52.7
2023,zone,Kasai Oriental,Lubilanji,101,1,5,15,63.3,34.7,84.8,6.5,2.5,16.0
2023,zone,Kasai Oriental,Lukelenge,99,1,5,19,42.3,23.0,64.3,22.0,8.8,45.2
2023,zone,Kasai Oriental,Miabi,89,1,5,14,42.7,34.2,51.6,8.9,4.2,17.8
2023,zone,Kasai Oriental,Mpokolo,103,1,5,15,31.1,17.7,48.8,21.6,13.3,33.2
2023,zone,Kasai Oriental,Mukumbi,93,1,5,16,43.5,16.4,75.2,20.7,8.1,43.6
2023,zone,Kasai Oriental,Muya,107,1,5,19,46.6,34.4,59.1,13.2,7.2,22.8
2023,zone,Kasai Oriental,Nzaba,111,1,5,18,41.6,30.8,53.3,12.3,6.9,21.1
2023,zone,Kasai Oriental,Tshilenge,81,1,5,21,42.8,26.7,60.5,20.3,13.7,29.1
2023,zone,Kasai Oriental,Tshishimbi,99,1,5,16,38.8,26.5,52.6,23.2,13.3,37.3
2023,zone,Kinshasa,Bandalungwa,100,1,5,8,97.6,78.3,99.8,0.0,0.0,0.0
2023,zone,Kinshasa,Barumbu,91,1,5,10,94.8,86.6,98.1,0.0,0.0,0.0
2023,zone,Kinshasa,Binza Meteo,99,1,5,11,88.7,67.7,96.7,3.1,0.6,14.7
2023,zone,Kinshasa,Binza Ozone,93,1,5,15,66.1,50.8,78.7,8.2,2.8,21.9
2023,zone,Kinshasa,Biyela,87,1,5,11,73.1,65.2,79.8,0.0,0.0,0.0
2023,zone,Kinshasa,Bumbu,93,1,5,19,90.0,84.0,93.9,0.0,0.0,0.0
2023,zone,Kinshasa,Gombe,106,1,5,10,75.6,36.5,94.3,0.9,0.1,10.2
2023,zone,Kinshasa,Kalamu 1,101,1,5,10,98.8,91.9,99.8,0.3,0.0,6.0
2023,zone,Kinshasa,Kalamu 2,98,1,5,8,90.6,82.5,95.1,1.4,0.2,10.4
2023,zone,Kinshasa,Kasa Vubu,100,1,5,7,99.3,90.9,100.0,0.0,0.0,0.0
2023,zone,Kinshasa,Kikimi,93,1,5,9,81.3,69.2,89.3,1.7,0.3,10.2
2023,zone,Kinshasa,Kimbanseke,96,1,5,11,63.0,53.6,71.5,0.0,0.0,0.0
2023,zone,Kinshasa,Kingabwa,82,1,5,10,86.1,56.9,96.7,3.7,0.2,37.5
2023,zone,Kinshasa,Kingasani,78,1,5,8,77.8,51.2,92.1,1.0,0.1,11.7
2023,zone,Kinshasa,Kinshasa,101,1,5,7,97.1,86.5,99.4,0.0,0.0,0.0
2023,zone,Kinshasa,Kintambo,91,1,5,8,66.5,57.0,74.7,8.8,4.1,17.8
2023,zone,Kinshasa,Kisenso,101,1,5,17,97.6,90.4,99.4,0.0,0.0,0.0
2023,zone,Kinshasa,Kokolo,108,1,6,24,86.3,72.6,93.7,1.7,0.3,7.8
2023,zone,Kinshasa,Lemba,103,1,5,14,89.5,83.6,93.5,4.7,1.3,16.0
2023,zone,Kinshasa,Limete,84,1,5,11,89.1,78.5,94.8,6.2,1.8,19.4
2023,zone,Kinshasa,Lingwala,95,1,5,8,88.1,64.7,96.8,0.9,0.1,11.5
2023,zone,Kinshasa,Makala,81,1,5,14,87.4,64.4,96.3,0.0,0.0,0.0
2023,zone,Kinshasa,Maluku 1,86,1,5,17,70.3,46.9,86.4,0.6,0.0,10.8
2023,zone,Kinshasa,Maluku 2,98,1,5,12,55.0,26.8,80.4,9.8,3.7,23.3
2023,zone,Kinshasa,Masina 1,87,1,5,12,79.9,64.7,89.6,2.3,0.2,25.8
2023,zone,Kinshasa,Masina 2,95,1,5,11,86.9,75.1,93.5,0.0,0.0,0.0
2023,zone,Kinshasa,Matete,96,1,5,13,93.4,80.6,97.9,1.4,0.2,8.7
2023,zone,Kinshasa,Mont Ngafula 1,102,1,5,17,99.4,91.2,100.0,0.6,0.0,8.8
2023,zone,Kinshasa,Mont Ngafula 2,81,1,5,14,65.3,54.0,75.2,2.8,0.7,10.5
2023,zone,Kinshasa,Ndjili,111,1,5,14,96.2,88.8,98.8,1.1,0.1,9.6
2023,zone,Kinshasa,Ngaba,94,1,5,6,95.0,75.8,99.1,0.0,0.0,0.0
2023,zone,Kinshasa,Ngiri Ngiri,99,1,5,8,90.9,80.0,96.1,0.8,0.1,9.6
2023,zone,Kinshasa,Nsele,96,1,5,14,64.2,36.3,84.9,0.0,0.0,0.0
2023,zone,Kinshasa,Police,100,1,5,11,89.0,79.3,94.4,3.2,1.2,8.0
2023,zone,Kinshasa,Selembao,77,1,5,18,48.7,43.7,53.7,1.3,0.2,9.4
2023,zone,Kongo Central,Boko Kivulu,83,1,5,20,67.9,47.8,83.0,8.2,4.3,15.0
2023,zone,Kongo Central,Boma,99,1,5,12,65.9,54.1,76.0,9.0,3.0,24.2
2023,zone,Kongo Central,Boma Bungu,98,1,5,12,52.7,40.3,64.7,17.5,12.9,23.3
2023,zone,Kongo Central,Gombe Matadi,93,1,5,15,73.6,63.2,82.0,0.0,0.0,0.0
2023,zone,Kongo Central,Inga,90,1,5,10,48.7,18.9,79.5,19.5,4.3,56.6
2023,zone,Kongo Central,Kangu,69,1,5,12,51.1,38.2,63.8,12.6,4.7,29.7
2023,zone,Kongo Central,Kibunzi,77,1,5,10,68.1,43.9,85.4,1.4,0.1,12.7
2023,zone,Kongo Central,Kimpangu,102,1,5,13,58.9,38.6,76.5,13.9,7.7,23.8
2023,zone,Kongo Central,Kimpese,97,1,5,20,70.7,56.8,81.6,8.1,5.5,11.8
2023,zone,Kongo Central,Kimvula,86,1,5,12,37.6,29.3,46.8,12.6,2.8,41.8
2023,zone,Kongo Central,Kinkonzi,69,1,5,11,74.7,51.8,89.0,5.7,1.0,26.4
2023,zone,Kongo Central,Kisantu,95,1,5,18,51.9,24.8,77.8,6.0,3.0,11.4
2023,zone,Kongo Central,Kitona,91,1,5,6,82.0,71.9,89.1,1.2,0.1,12.2
2023,zone,Kongo Central,Kizu,87,1,5,8,79.3,66.9,87.9,8.0,2.2,25.1
2023,zone,Kongo Central,Kuimba,97,1,5,11,74.3,60.0,84.7,4.1,2.2,7.3
2023,zone,Kongo Central,Kwilu Ngongo,83,1,5,21,69.3,40.4,88.2,11.4,2.2,42.6
2023,zone,Kongo Central,Lukula,91,1,5,16,40.5,27.3,55.3,21.1,8.8,42.6
2023,zone,Kongo Central,Luozi,84,1,5,12,54.9,31.5,76.4,1.3,0.1,13.5
2023,zone,Kongo Central,Mangembo,87,1,5,10,79.7,58.1,91.7,4.6,2.6,8.1
2023,zone,Kongo Central,Massa,95,1,5,14,59.0,41.0,74.9,4.6,0.7,24.4
2023,zone,Kongo Central,Matadi,85,1,5,12,63.4,30.4,87.3,19.4,2.8,67.0
2023,zone,Kongo Central,Mbanza Ngungu,99,1,5,12,68.1,37.5,88.4,14.5,6.2,30.0
2023,zone,Kongo Central,Muanda,100,1,5,12,58.8,48.4,68.4,15.6,8.3,27.6
2023,zone,Kongo Central,Ngidinga,83,1,5,16,66.2,45.1,82.4,0.0,0.0,0.0
2023,zone,Kongo Central,Nselo,91,1,5,11,59.2,26.7,85.2,1.0,0.1,10.4
2023,zone,Kongo Central,Nsona Mpangu,86,1,5,21,64.5,42.0,82.0,1.6,0.2,15.0
2023,zone,Kongo Central,Nzanza,85,1,5,10,79.6,65.4,88.9,3.2,0.5,18.5
2023,zone,Kongo Central,Seke Banza,91,1,5,17,45.2,33.1,57.8,16.3,6.1,36.8
2023,zone,Kongo Central,Sona Bata,99,1,5,11,49.6,37.4,61.8,17.5,5.3,44.6
2023,zone,Kongo Central,Tshela,94,1,5,10,74.2,67.0,80.4,9.3,3.6,22.1
2023,zone,Kongo Central,Vaku,85,1,5,10,64.9,40.9,83.2,5.8,1.5,19.8
2023,zone,Kwango,Boko,98,1,5,21,43.3,26.8,61.5,10.4,3.3,28.1
2023,zone,Kwango,Feshi,89,1,6,18,83.0,73.9,89.4,0.0,0.0,0.0
2023,zone,Kwango,Kahemba,126,1,7,28,67.8,52.7,79.9,0.0,0.0,0.0
2023,zone,Kwango,Kajiji,94,1,5,20,59.8,42.0,75.4,2.8,0.2,25.8
2023,zone,Kwango,Kasongo Lunda,91,1,5,21,53.8,44.7,62.6,20.1,11.7,32.5
2023,zone,Kwango,Kenge,127,1,7,29,48.5,33.6,63.7,10.3,4.1,23.2
2023,zone,Kwango,Kimbao,80,1,6,24,90.3,78.7,95.9,2.7,0.2,24.6
2023,zone,Kwango,Kisanji,98,1,5,16,74.9,54.1,88.4,0.0,0.0,0.0
2023,zone,Kwango,Kitenda,106,1,6,23,67.4,47.0,82.8,7.6,1.3,34.3
2023,zone,Kwango,Mwela Lembwa,67,1,5,16,92.9,77.4,98.0,0.0,0.0,0.0
2023,zone,Kwango,Panzi,117,1,6,25,49.2,35.8,62.8,18.4,7.1,40.0
2023,zone,Kwango,Popokabaka,132,1,7,30,26.9,16.2,41.2,23.1,9.9,45.0
2023,zone,Kwango,Tembo,87,1,5,15,56.4,27.2,81.7,9.4,3.0,25.8
2023,zone,Kwango,Wamba Lwadi,93,1,5,19,94.3,83.9,98.1,0.8,0.1,11.1
2023,zone,Kwilu,Bagata,95,1,6,23,73.7,63.7,81.7,0.0,0.0,0.0
2023,zone,Kwilu,Bandundu,118,1,6,24,89.5,78.7,95.2,1.2,0.1,14.1
2023,zone,Kwilu,Bulungu,145,1,7,32,98.5,94.1,99.6,0.0,0.0,0.0
2023,zone,Kwilu,Djuma,160,1,8,35,98.7,95.5,99.6,0.0,0.0,0.0
2023,zone,Kwilu,Gungu,147,1,7,31,74.1,45.9,90.6,20.1,7.8,42.8
2023,zone,Kwilu,Idiofa,138,1,8,41,83.0,63.3,93.3,0.0,0.0,0.0
2023,zone,Kwilu,Ipamu,127,1,7,32,97.8,88.7,99.6,0.9,0.1,7.5
2023,zone,Kwilu,Kikongo,139,1,6,24,80.8,69.9,88.4,0.9,0.1,9.7
2023,zone,Kwilu,Kikwit Nord,98,1,6,26,88.2,80.8,93.0,0.9,0.1,8.8
2023,zone,Kwilu,Kikwit Sud,111,1,6,24,67.1,44.2,84.1,10.1,1.6,43.3
2023,zone,Kwilu,Kimputu,147,1,7,28,88.1,39.7,98.8,0.9,0.1,7.8
2023,zone,Kwilu,Kingandu,108,1,5,20,90.6,79.5,96.0,3.1,0.6,14.1
2023,zone,Kwilu,Koshibanda,147,1,7,29,79.9,65.7,89.2,0.0,0.0,0.0
2023,zone,Kwilu,Lusanga,130,1,8,37,99.4,94.7,99.9,0.0,0.0,0.0
2023,zone,Kwilu,Masi Manimba,120,1,6,27,80.2,62.8,90.7,10.6,6.2,17.4
2023,zone,Kwilu,Moanza,130,1,6,23,85.3,49.9,97.1,5.1,1.0,22.2
2023,zone,Kwilu,Mokala,187,1,8,35,97.5,92.2,99.2,0.0,0.0,0.0
2023,zone,Kwilu,Mosango,107,1,5,18,94.7,81.7,98.6,1.0,0.1,12.0
2023,zone,Kwilu,Mukedi,114,1,6,27,85.6,55.8,96.5,7.0,2.5,18.1
2023,zone,Kwilu,Mungindu,92,1,6,24,58.4,40.9,73.9,30.1,14.4,52.5
2023,zone,Kwilu,Pay Kongila,136,1,6,23,97.9,81.3,99.8,0.0,0.0,0.0
2023,zone,Kwilu,Sia,136,1,5,22,78.7,69.3,85.9,0.6,0.0,7.8
2023,zone,Kwilu,Vanga,178,1,8,42,99.0,94.2,99.8,0.0,0.0,0.0
2023,zone,Kwilu,Yasa Bonga,135,1,6,27,23.6,13.0,38.9,32.1,19.8,47.6
2023,zone,Lomami,Kabinda,137,1,6,26,58.8,44.1,72.0,7.1,2.8,17.0
2023,zone,Lomami,Kalambayi Kabanga,82,1,5,16,63.4,50.6,74.5,9.4,3.8,21.5
2023,zone,Lomami,Kalenda,125,1,7,28,37.6,19.8,59.4,24.1,12.7,40.8
2023,zone,Lomami,Kalonda Est,89,1,5,22,37.8,19.0,61.1,7.5,1.6,28.4
2023,zone,Lomami,Kamana,115,1,6,23,36.5,18.7,58.9,24.6,12.7,42.2
2023,zone,Lomami,Kamiji,72,1,5,12,82.4,69.3,90.6,1.4,0.1,14.0
2023,zone,Lomami,Kanda Kanda,78,1,5,18,61.4,18.3,91.9,2.3,0.4,11.7
2023,zone,Lomami,Lubao,73,1,5,15,54.9,37.1,71.6,1.7,0.2,13.3
2023,zone,Lomami,Ludimbi Lukula,86,1,5,15,81.4,58.5,93.2,2.2,0.4,10.0
2023,zone,Lomami,Luputa,122,1,7,30,56.9,44.1,68.8,14.2,6.2,29.4
2023,zone,Lomami,Makota,122,1,5,17,47.3,18.4,78.1,4.2,1.3,12.4
2023,zone,Lomami,Mulumba,93,1,5,19,54.8,34.9,73.3,9.0,4.2,18.4
2023,zone,Lomami,Mweneditu,129,1,6,23,56.5,41.3,70.5,1.7,0.3,9.3
2023,zone,Lomami,NGandajika,90,1,5,19,49.9,37.3,62.6,9.7,6.9,13.5
2023,zone,Lomami,Tshofa,86,1,5,17,64.2,46.8,78.5,1.5,0.1,17.9
2023,zone,Lomami,Wikong,81,1,5,16,48.2,30.2,66.7,9.5,5.9,14.9
2023,zone,Lualaba,Bunkeya,79,1,5,8,43.9,34.9,53.2,10.6,6.1,17.7
2023,zone,Lualaba,Dilala,94,1,5,13,54.0,29.8,76.4,19.8,5.1,53.3
2023,zone,Lualaba,Dilolo,105,1,6,23,41.2,29.3,54.1,21.4,16.4,27.3
2023,zone,Lualaba,Fungurume,95,1,5,18,50.7,46.3,55.1,21.5,14.9,30.1
2023,zone,Lualaba,Kafakumba,95,1,5,16,25.6,21.3,30.4,27.3,13.9,46.6
2023,zone,Lualaba,Kalamba,84,1,5,18,50.7,38.0,63.3,11.9,6.0,22.4
2023,zone,Lualaba,Kanzenze,89,1,5,17,52.8,30.5,74.0,12.0,4.3,29.5
2023,zone,Lualaba,Kapanga,102,1,6,24,55.5,38.4,71.3,7.1,5.3,9.5
2023,zone,Lualaba,Kasaji,134,1,6,26,48.1,26.3,70.7,17.3,8.9,30.9
2023,zone,Lualaba,Lualaba,90,1,5,14,32.5,22.6,44.4,30.9,26.6,35.5
2023,zone,Lualaba,Lubudi,101,1,5,16,65.5,30.2,89.3,10.5,2.6,33.7
2023,zone,Lualaba,Manika,97,1,5,13,56.0,29.1,79.8,8.6,1.9,31.3
2023,zone,Lualaba,Mutshatsha,75,1,5,13,43.2,15.7,75.8,20.3,8.8,40.2
2023,zone,Lualaba,Sandoa,120,1,6,25,31.6,27.0,36.6,21.9,10.8,39.4
2023,zone,Maindombe,Banzow Moke,79,1,5,18,39.7,32.9,47.0,16.4,11.8,22.5
2023,zone,Maindombe,Bokoro,131,1,6,26,53.2,41.1,65.0,39.7,27.2,53.7
2023,zone,Maindombe,Bolobo,106,1,6,25,60.5,44.4,74.6,25.1,12.1,44.9
2023,zone,Maindombe,Bosobe,90,1,5,20,26.5,12.5,47.6,59.4,36.8,78.6
2023,zone,Maindombe,Inongo,122,1,8,34,49.2,33.1,65.4,9.3,4.6,18.2
2023,zone,Maindombe,Kiri,96,1,6,26,41.0,32.3,50.2,16.9,9.0,29.5
2023,zone,Maindombe,Kwamouth,77,1,5,23,42.6,31.5,54.5,33.8,19.6,51.8
2023,zone,Maindombe,Mimia,96,1,5,14,24.7,17.2,34.3,59.2,47.5,69.9
2023,zone,Maindombe,Mushie,82,1,5,21,63.8,44.6,79.4,21.1,14.0,30.4
2023,zone,Maindombe,Nioki,102,1,6,23,50.6,31.2,69.8,36.9,22.6,53.8
2023,zone,Maindombe,Ntandembelo,88,1,5,19,48.8,28.4,69.5,17.4,11.2,26.1
2023,zone,Maindombe,Oshwe,145,1,7,28,35.6,21.8,52.3,40.6,30.5,51.7
2023,zone,Maindombe,Pendjwa,81,1,5,16,63.2,37.2,83.3,11.4,5.7,21.4
2023,zone,Maindombe,Yumbi,85,1,5,18,57.8,43.4,71.0,20.7,16.3,25.9
2023,zone,Maniema,Alunguli,82,1,5,8,17.8,7.2,37.7,38.2,20.3,60.0
2023,zone,Maniema,Ferekeni,84,1,5,10,3.9,0.6,22.0,54.8,39.2,69.6
2023,zone,Maniema,Kabambare,100,1,5,13,16.0,9.2,26.4,62.3,50.6,72.7
2023,zone,Maniema,Kailo,86,1,5,18,11.9,2.4,42.6,51.4,29.6,72.8
2023,zone,Maniema,Kalima,82,1,5,19,35.8,21.4,53.3,21.4,15.9,28.2
2023,zone,Maniema,Kampene,84,1,5,18,12.0,5.6,23.7,32.5,16.0,54.9
2023,zone,Maniema,Kasongo,92,1,5,21,24.3,9.6,49.5,53.7,32.9,73.3
2023,zone,Maniema,Kibombo,88,1,5,13,5.1,1.2,18.8,53.9,42.9,64.6
2023,zone,Maniema,Kindu,89,1,5,11,40.5,27.3,55.4,25.5,15.0,39.8
2023,zone,Maniema,Kunda,115,1,7,30,21.2,10.5,38.2,40.4,27.5,54.7
2023,zone,Maniema,Lubutu,92,1,5,20,15.3,9.3,24.0,43.4,28.4,59.7
2023,zone,Maniema,Lusangi,96,1,5,18,19.8,15.1,25.4,48.6,32.3,65.2
2023,zone,Maniema,Obokote,87,1,5,11,30.5,19.8,43.8,24.7,16.4,35.5
2023,zone,Maniema,Pangi,88,1,5,16,21.1,5.2,56.6,31.9,18.3,49.4
2023,zone,Maniema,Punia,89,1,5,17,11.8,7.5,18.0,49.7,38.1,61.4
2023,zone,Maniema,Samba,91,1,5,12,28.5,17.4,43.0,39.8,30.3,50.2
2023,zone,Maniema,Saramabila,86,1,5,18,12.7,4.3,31.9,57.8,39.5,74.1
2023,zone,Maniema,Tunda,97,1,5,11,16.2,13.0,20.0,45.0,24.4,67.5
2023,zone,Mongala,Binga,105,1,7,32,13.2,3.8,37.0,58.7,42.4,73.3
2023,zone,Mongala,Bongandanga,111,1,6,24,15.7,4.6,42.2,37.6,23.4,54.2
2023,zone,Mongala,Boso Manzi,79,1,5,17,19.6,6.4,46.8,61.4,48.2,73.1
2023,zone,Mongala,Boso Mondanda,86,1,5,17,40.3,20.0,64.6,34.1,16.8,57.1
2023,zone,Mongala,Bosondjo,101,1,6,25,32.7,15.8,55.7,34.7,20.3,52.5
2023,zone,Mongala,Bumba,82,1,5,16,40.2,16.9,68.9,33.8,16.9,56.2
2023,zone,Mongala,Lisala,128,1,8,34,24.1,9.5,49.0,46.0,30.1,62.8
2023,zone,Mongala,Lolo,63,1,5,21,28.0,17.6,41.4,42.7,26.2,61.1
2023,zone,Mongala,Pimu,103,1,6,25,36.4,17.2,61.3,29.0,17.9,43.2
2023,zone,Mongala,Yamaluka,93,1,5,22,5.1,1.0,21.5,75.5,47.6,91.3
2023,zone,Mongala,Yambuku,146,1,9,40,2.0,0.7,6.0,75.9,67.4,82.8
2023,zone,Mongala,Yamongili,78,1,5,22,9.1,4.9,16.2,55.9,29.5,79.4
2023,zone,Nord Kivu,Alimbongo,95,1,5,21,81.8,54.1,94.5,0.0,0.0,0.0
2023,zone,Nord Kivu,Beni,81,1,5,22,69.5,46.8,85.5,1.0,0.1,14.8
2023,zone,Nord Kivu,Biena,104,1,5,16,74.1,37.5,93.1,0.0,0.0,0.0
2023,zone,Nord Kivu,Butembo,101,1,5,16,65.6,40.8,84.1,1.9,0.4,9.0
2023,zone,Nord Kivu,Goma,102,1,5,11,91.8,78.7,97.1,0.0,0.0,0.0
2023,zone,Nord Kivu,Itebero,126,1,7,28,22.1,11.5,38.2,0.5,0.0,6.1
2023,zone,Nord Kivu,Kalunguta,101,1,5,18,77.1,46.2,93.0,0.0,0.0,0.0
2023,zone,Nord Kivu,Kamango,104,1,5,14,58.0,46.7,68.6,2.4,0.6,8.6
2023,zone,Nord Kivu,Karisimbi,84,1,5,19,84.6,49.2,96.9,0.0,0.0,0.0
2023,zone,Nord Kivu,Katwa,72,1,5,20,62.5,41.3,79.9,1.5,0.1,14.2
2023,zone,Nord Kivu,Kayna,99,1,6,23,77.5,73.2,81.3,0.0,0.0,0.0
2023,zone,Nord Kivu,Kibua,85,1,5,19,56.0,43.9,67.4,0.0,0.0,0.0
2023,zone,Nord Kivu,Kirotshe,97,1,5,31,97.3,85.3,99.6,0.0,0.0,0.0
2023,zone,Nord Kivu,Kyondo,130,1,6,23,72.4,51.0,86.9,0.5,0.0,5.6
2023,zone,Nord Kivu,Lubero,70,1,5,21,80.8,55.6,93.4,0.0,0.0,0.0
2023,zone,Nord Kivu,Mabalako,109,1,5,16,84.2,35.6,98.1,0.0,0.0,0.0
2023,zone,Nord Kivu,Manguredjipa,95,1,5,10,76.5,35.5,95.1,0.4,0.0,7.6
2023,zone,Nord Kivu,Masereka,100,1,5,16,93.4,85.7,97.1,0.0,0.0,0.0
2023,zone,Nord Kivu,Masisi,101,1,6,26,64.6,34.9,86.2,0.0,0.0,0.0
2023,zone,Nord Kivu,Musienene,92,1,5,20,83.5,50.6,96.2,2.7,0.7,9.4
2023,zone,Nord Kivu,Mutwanga,81,1,5,20,43.5,31.6,56.2,3.1,0.3,24.4
2023,zone,Nord Kivu,Nyiragongo,94,1,5,11,80.8,65.4,90.4,0.0,0.0,0.0
2023,zone,Nord Kivu,Oicha,81,1,6,27,67.9,50.9,81.2,1.4,0.1,15.7
2023,zone,Nord Kivu,Pinga,91,1,5,19,47.0,21.8,73.7,0.0,0.0,0.0
2023,zone,Nord Kivu,Rutshuru,126,1,5,16,92.2,74.6,97.9,0.0,0.0,0.0
2023,zone,Nord Kivu,Rwanguba,106,1,5,21,89.5,73.1,96.4,0.0,0.0,0.0
2023,zone,Nord Kivu,Vuhovi,105,1,5,13,71.3,67.8,74.6,2.0,0.2,18.5
2023,zone,Nord Kivu,Walikale,102,1,5,18,13.9,3.8,39.9,0.0,0.0,0.0
2023,zone,Nord Ubangi,Abuzi,99,1,5,14,85.2,50.0,97.1,2.5,0.1,30.4
2023,zone,Nord Ubangi,Bili,92,1,5,19,93.7,44.1,99.6,0.0,0.0,0.0
2023,zone,Nord Ubangi,Bosobolo,48,1,5,20,48.6,22.9,75.0,0.0,0.0,0.0
2023,zone,Nord Ubangi,Businga,57,1,5,13,73.9,53.9,87.3,2.9,0.5,14.9
2023,zone,Nord Ubangi,Gbadolite,87,1,5,16,92.9,85.1,96.7,0.0,0.0,0.0
2023,zone,Nord Ubangi,Karawa,73,1,6,24,82.0,69.0,90.3,4.5,1.6,12.2
2023,zone,Nord Ubangi,Loko,70,1,5,15,73.1,47.6,89.1,5.2,1.0,22.4
2023,zone,Nord Ubangi,Mobayi Mbongo,83,1,5,18,75.2,54.1,88.6,0.0,0.0,0.0
2023,zone,Nord Ubangi,Wapinda,84,1,5,12,81.8,70.0,89.6,2.5,0.5,11.6
2023,zone,Nord Ubangi,Wasolo,83,1,5,14,74.1,38.7,92.8,3.0,0.9,10.1
2023,zone,Nord Ubangi,Yakoma,67,1,5,13,75.5,57.5,87.5,1.8,0.2,17.4
2023,zone,Sankuru,Bena Dibele,86,1,5,13,17.1,12.2,23.6,67.1,51.4,79.7
2023,zone,Sankuru,Dikungu,90,1,5,17,18.0,9.9,30.5,40.8,16.6,70.5
2023,zone,Sankuru,Djalo Ndjeka,110,1,5,14,20.3,9.0,39.7,58.0,45.4,69.7
2023,zone,Sankuru,Katako Kombe,115,1,5,17,22.5,3.9,67.6,31.7,21.9,43.4
2023,zone,Sankuru,Kole,101,1,5,12,16.3,8.8,28.2,55.4,29.3,78.7
2023,zone,Sankuru,Lodja,101,1,5,22,21.5,9.9,40.6,22.5,14.0,34.1
2023,zone,Sankuru,Lomela,100,1,5,19,29.7,10.1,61.3,40.0,14.7,72.1
2023,zone,Sankuru,Lusambo,72,1,5,13,28.4,14.2,48.8,21.5,10.3,39.6
2023,zone,Sankuru,Minga,99,1,5,19,17.1,4.6,46.8,33.3,12.6,63.4
2023,zone,Sankuru,Omendjadi,103,1,5,18,20.0,7.4,43.9,64.2,48.3,77.6
2023,zone,Sankuru,Ototo,91,1,5,17,13.9,6.9,26.0,75.2,51.9,89.5
2023,zone,Sankuru,Pania Mutombo,96,1,5,10,13.1,6.4,25.3,38.2,15.1,68.1
2023,zone,Sankuru,Tshudi Loto,82,1,5,11,15.8,8.2,28.3,55.9,24.8,83.0
2023,zone,Sankuru,Tshumbe,94,1,5,14,25.3,12.4,44.7,38.5,31.0,46.6
2023,zone,Sankuru,Vanga Kete,92,1,5,17,10.7,5.8,18.9,62.2,48.0,74.7
2023,zone,Sankuru,Wembo Nyama,108,1,5,15,27.5,14.3,46.2,35.9,20.7,54.5
2023,zone,Sud Kivu,Bagira,58,1,5,8,78.1,53.2,91.8,1.2,0.1,14.9
2023,zone,Sud Kivu,Bunyakiri,125,1,6,26,58.0,39.9,74.1,1.1,0.1,14.2
2023,zone,Sud Kivu,Fizi,115,1,7,31,73.4,61.8,82.4,5.7,1.8,16.6
2023,zone,Sud Kivu,Haut Plateau,88,1,6,23,42.4,32.5,52.9,2.1,0.5,8.8
2023,zone,Sud Kivu,Ibanda,77,1,5,17,84.5,74.3,91.1,0.0,0.0,0.0
2023,zone,Sud Kivu,Idjwi,75,1,5,21,68.8,37.7,89.0,1.7,0.1,18.3
2023,zone,Sud Kivu,Itombwe,74,1,5,18,37.4,21.2,57.2,8.6,1.8,32.6
2023,zone,Sud Kivu,Kabare,76,1,5,16,85.2,60.3,95.6,2.3,0.4,12.2
2023,zone,Sud Kivu,Kadutu,81,1,5,14,83.1,59.0,94.4,1.9,0.3,13.1
2023,zone,Sud Kivu,Kalehe,76,1,5,16,54.5,33.0,74.4,0.8,0.1,9.6
2023,zone,Sud Kivu,Kalole,92,1,6,24,32.1,24.4,41.0,34.1,25.6,43.6
2023,zone,Sud Kivu,Kalonge,82,1,5,18,89.1,71.8,96.3,0.0,0.0,0.0
2023,zone,Sud Kivu,Kamituga,105,1,6,23,73.3,55.9,85.6,7.9,3.8,15.6
2023,zone,Sud Kivu,Kaniola,106,1,5,16,84.5,44.4,97.4,4.1,0.5,27.3
2023,zone,Sud Kivu,Katana,107,1,5,20,76.4,54.2,89.8,0.9,0.1,10.2
2023,zone,Sud Kivu,Kaziba,63,1,5,16,46.4,25.3,68.9,16.0,6.9,32.9
2023,zone,Sud Kivu,Kimbi Lulenge,87,1,6,24,37.7,32.6,43.1,44.9,22.9,69.1
2023,zone,Sud Kivu,Kitutu,71,1,5,22,30.7,19.6,44.7,19.1,5.9,47.1
2023,zone,Sud Kivu,Lemera,86,1,6,26,96.5,82.8,99.4,0.5,0.0,8.3
2023,zone,Sud Kivu,Lulingu,101,1,5,21,67.5,38.8,87.2,4.7,0.4,35.9
2023,zone,Sud Kivu,Minembwe,84,1,5,18,12.0,1.6,52.6,13.4,8.2,21.1
2023,zone,Sud Kivu,Minova,92,1,5,21,88.6,84.4,91.8,0.0,0.0,0.0
2023,zone,Sud Kivu,Miti Murhesa,83,1,5,20,66.8,35.0,88.2,2.2,0.3,14.6
2023,zone,Sud Kivu,Mubumbano,93,1,5,16,70.8,41.1,89.4,5.7,2.1,14.5
2023,zone,Sud Kivu,Mulungu,100,1,5,20,34.5,21.8,50.0,41.7,28.8,55.8
2023,zone,Sud Kivu,Mwana,93,1,5,15,68.2,41.5,86.7,5.6,1.0,25.3
2023,zone,Sud Kivu,Mwenga,77,1,5,18,52.1,45.3,58.8,8.5,2.4,26.0
2023,zone,Sud Kivu,Nundu,82,1,5,21,60.6,44.5,74.6,3.3,1.0,10.6
2023,zone,Sud Kivu,Nyangezi,74,1,5,12,82.3,52.6,95.1,8.7,4.6,15.8
2023,zone,Sud Kivu,Nyantende,79,1,5,11,67.0,36.7,87.7,13.8,5.2,31.7
2023,zone,Sud Kivu,Ruzizi,112,1,6,23,57.1,41.5,71.4,6.6,3.3,12.8
2023,zone,Sud Kivu,Shabunda,100,1,6,23,71.8,63.8,78.6,11.7,8.0,16.7
2023,zone,Sud Kivu,Uvira,98,1,5,22,92.7,66.5,98.8,0.0,0.0,0.0
2023,zone,Sud Kivu,Walungu,78,1,6,23,92.7,77.6,97.9,1.8,0.1,23.6
2023,zone,Sud Ubangi,Bangabola,77,1,5,17,18.4,11.2,28.6,37.3,24.4,52.2
2023,zone,Sud Ubangi,Bogosenubea,90,1,5,21,24.9,13.7,41.0,2.6,0.7,9.1
2023,zone,Sud Ubangi,Bokonzi,99,1,6,26,45.5,24.2,68.6,13.3,5.9,27.4
2023,zone,Sud Ubangi,Bominenge,68,1,5,18,62.3,20.6,91.3,1.5,0.1,14.2
2023,zone,Sud Ubangi,Boto,70,1,5,21,59.0,49.1,68.2,9.4,2.6,28.9
2023,zone,Sud Ubangi,Budjala,78,1,5,17,36.6,25.7,49.1,15.5,9.2,24.9
2023,zone,Sud Ubangi,Bulu,121,1,5,17,16.3,9.7,25.9,17.7,10.3,28.6
2023,zone,Sud Ubangi,Bwamanda,89,1,5,21,30.5,15.6,50.9,17.8,4.0,53.2
2023,zone,Sud Ubangi,Gemena,117,1,7,31,46.3,28.3,65.3,13.8,6.0,28.4
2023,zone,Sud Ubangi,Kungu,124,1,7,31,25.5,12.2,45.7,24.5,11.9,43.8
2023,zone,Sud Ubangi,Libenge,77,1,5,22,47.3,25.3,70.4,14.7,2.3,55.6
2023,zone,Sud Ubangi,Mawuya,104,1,5,18,27.3,11.3,52.4,11.3,5.1,23.4
2023,zone,Sud Ubangi,Mbaya,61,1,5,11,60.5,37.8,79.5,10.6,4.7,22.3
2023,zone,Sud Ubangi,Ndage,79,1,5,22,54.2,32.3,74.6,21.7,12.0,36.0
2023,zone,Sud Ubangi,Tandala,91,1,6,23,44.4,24.4,66.4,15.4,5.0,38.9
2023,zone,Sud Ubangi,Zongo,66,1,5,14,27.3,19.4,36.9,4.9,0.7,26.5
2023,zone,Tanganyika,Ankoro,64,1,6,25,97.5,86.1,99.6,0.0,0.0,0.0
2023,zone,Tanganyika,Kabalo,98,1,6,24,81.7,67.2,90.7,0.0,0.0,0.0
2023,zone,Tanganyika,Kalemie,95,1,6,27,53.5,24.3,80.5,4.5,0.8,22.8
2023,zone,Tanganyika,Kansimba,88,1,5,21,40.0,25.7,56.3,19.5,9.0,37.3
2023,zone,Tanganyika,Kiambi,83,1,6,26,90.7,80.4,95.9,3.1,1.0,9.3
2023,zone,Tanganyika,Kongolo,93,1,6,25,84.0,63.0,94.2,0.0,0.0,0.0
2023,zone,Tanganyika,Manono,68,1,6,27,91.9,79.9,97.0,0.0,0.0,0.0
2023,zone,Tanganyika,Mbulula,78,1,5,21,85.6,65.0,95.0,0.0,0.0,0.0
2023,zone,Tanganyika,Moba,88,1,6,25,39.9,20.4,63.2,10.2,4.2,22.8
2023,zone,Tanganyika,Nyemba,72,1,5,21,85.5,62.7,95.3,0.0,0.0,0.0
2023,zone,Tanganyika,Nyunzu,105,1,6,25,20.0,12.6,30.3,32.8,15.6,56.5
2023,zone,Tshopo,Bafwagbogbo,93,1,5,18,23.0,7.0,54.2,21.3,6.9,49.7
2023,zone,Tshopo,Bafwasende,98,1,5,14,26.1,15.4,40.7,29.3,15.8,47.7
2023,zone,Tshopo,Banalia,81,1,5,20,26.5,10.3,53.1,40.3,18.5,66.7
2023,zone,Tshopo,Basali,81,1,5,14,12.6,4.9,28.8,58.9,44.7,71.7
2023,zone,Tshopo,Basoko,83,1,5,21,17.2,12.0,24.1,46.1,28.4,64.9
2023,zone,Tshopo,Bengamisa,83,1,5,17,16.0,5.5,38.7,36.4,20.6,55.8
2023,zone,Tshopo,Isangi,93,1,6,23,28.5,20.2,38.6,31.0,19.1,46.1
2023,zone,Tshopo,Kabondo,85,1,5,16,62.3,51.9,71.8,11.0,4.2,26.3
2023,zone,Tshopo,Lubunga,94,1,5,18,33.8,24.1,45.0,39.1,30.8,48.0
2023,zone,Tshopo,Makiso Kisangani,79,1,5,22,56.7,22.7,85.4,22.7,9.5,45.1
2023,zone,Tshopo,Mangobo,82,1,5,18,43.5,25.4,63.4,33.9,20.6,50.2
2023,zone,Tshopo,Opala,99,1,6,23,12.4,4.1,31.8,39.3,25.5,55.1
2023,zone,Tshopo,Opienge,104,1,5,15,10.9,2.6,36.2,46.1,23.5,70.4
2023,zone,Tshopo,Tshopo,90,1,5,16,31.9,18.3,49.6,24.4,17.5,33.0
2023,zone,Tshopo,Ubundu,78,1,5,17,25.5,18.8,33.6,23.2,14.7,34.7
2023,zone,Tshopo,Wanierukula,90,1,5,14,14.1,4.2,37.9,56.3,43.0,68.8
2023,zone,Tshopo,Yabaondo,96,1,6,23,6.2,3.8,9.9,66.3,50.6,79.0
2023,zone,Tshopo,Yahisuli,68,1,5,17,22.5,9.0,45.9,24.4,15.8,35.7
2023,zone,Tshopo,Yahuma,106,1,6,27,10.2,3.8,24.7,56.7,45.8,67.0
2023,zone,Tshopo,Yakusu,75,1,5,22,41.1,24.6,60.0,22.3,11.3,39.2
2023,zone,Tshopo,Yaleko,87,1,5,21,25.5,11.6,47.2,32.1,14.5,57.0
2023,zone,Tshopo,Yalimbongo,79,1,5,18,11.3,2.6,38.3,65.6,49.5,78.8
2023,zone,Tshuapa,Befale,91,1,5,22,26.6,13.6,45.5,27.0,17.2,39.7
2023,zone,Tshuapa,Boende,89,1,5,37,12.7,3.2,39.3,24.1,10.2,47.0
2023,zone,Tshuapa,Bokungu,88,1,5,24,33.3,14.5,59.4,9.9,4.7,19.4
2023,zone,Tshuapa,Busanga,96,1,5,16,25.3,14.5,40.2,5.4,3.0,9.5
2023,zone,Tshuapa,Djolu,97,1,5,28,5.6,2.3,12.8,28.4,25.9,31.0
2023,zone,Tshuapa,Ikela,100,1,5,28,12.6,5.6,25.8,47.1,31.5,63.4
2023,zone,Tshuapa,Lingomo,84,1,5,19,7.3,2.8,17.6,16.5,11.4,23.3
2023,zone,Tshuapa,Mompono,85,1,5,16,33.3,19.2,51.2,24.0,17.1,32.5
2023,zone,Tshuapa,Mondombe,95,1,5,22,16.3,6.7,34.8,10.6,3.7,26.8
2023,zone,Tshuapa,Monkoto,74,1,5,25,0.0,0.0,0.0,42.3,21.0,66.8
2023,zone,Tshuapa,Wema,79,1,5,20,17.0,10.7,26.0,12.6,5.2,27.7
2023,zone,Tshuapa,Yalifafu,107,1,5,21,7.8,3.7,15.7,47.1,31.4,63.5
